predictor_season,fg_id,norm_name,name_raw_fg,team_fg,bb_pct,k_pct,o_swing_pct,z_swing_pct,swing_pct,o_contact_pct,z_contact_pct,contact_pct,whiff_pct,avg_exit_velocity,max_exit_velocity,hard_hit_pct,barrel_pct,sweet_spot_pct,launch_angle_avg,gb_pct,fb_pct,ld_pct,pull_pct,cent_pct,oppo_pct,sprint_speed,pa_predictor_season,age,target_season,next_HR,next_R,next_RBI,next_SB,next_AVG,next_PA,next_HR_rate,next_R_rate,next_RBI_rate,next_SB_rate,had_imputed_features,times_on_base_proxy,team_runs_scored
2022,12533,marcus semien,Marcus Semien,TEX,0.073,0.166,0.29,0.747,0.47200000000000003,0.647,0.903,0.8079999999999999,0.09,87.3,110.1,0.349,0.068,0.324,19.9,0.33799999999999997,0.47200000000000003,0.19,0.46299999999999997,0.313,0.225,30.5,724.0,31.0,2023,29,122,100,14,0.27611940298507465,753,0.03851261620185923,0.16201859229747675,0.13280212483399734,0.01859229747675963,True,228.35,687.0
2022,5361,freddie freeman,Freddie Freeman,LAD,0.11900000000000001,0.14400000000000002,0.313,0.7609999999999999,0.493,0.75,0.88,0.831,0.083,91.3,112.3,0.478,0.099,0.374,13.6,0.387,0.33799999999999997,0.275,0.364,0.337,0.3,30.5,708.0,32.0,2023,29,131,102,23,0.33124018838304553,730,0.03972602739726028,0.17945205479452056,0.13972602739726028,0.031506849315068496,True,260.76,782.0
2022,16252,trea turner,Trea Turner,LAD,0.064,0.185,0.364,0.745,0.511,0.607,0.8590000000000001,0.7490000000000001,0.128,88.9,112.5,0.414,0.076,0.374,10.2,0.429,0.35700000000000004,0.214,0.45399999999999996,0.32799999999999996,0.218,30.5,708.0,29.0,2023,26,102,76,30,0.26604068857589985,691,0.03762662807525326,0.1476121562952243,0.10998552821997105,0.04341534008683068,True,204.4,782.0
2022,12916,francisco lindor,Francisco Lindor,NYM,0.084,0.188,0.33799999999999997,0.69,0.47700000000000004,0.667,0.8809999999999999,0.79,0.1,89.3,110.7,0.413,0.083,0.374,13.8,0.431,0.39,0.179,0.433,0.327,0.24,30.5,706.0,28.0,2023,31,108,98,31,0.2541528239202658,687,0.04512372634643377,0.1572052401746725,0.14264919941775836,0.04512372634643377,True,226.63,688.0
2022,19611,vladimir guerrero,Vladimir Guerrero Jr.,TOR,0.08199999999999999,0.16399999999999998,0.342,0.737,0.49700000000000005,0.649,0.8740000000000001,0.78,0.109,92.8,118.4,0.504,0.11199999999999999,0.374,4.2,0.521,0.306,0.17300000000000001,0.395,0.376,0.228,30.5,706.0,23.0,2023,26,78,94,5,0.26411960132890366,682,0.03812316715542522,0.11436950146627566,0.1378299120234604,0.007331378299120235,True,223.1,724.0
2022,14344,matt olson,Matt Olson,ATL,0.107,0.243,0.32799999999999996,0.754,0.495,0.6679999999999999,0.792,0.742,0.128,92.9,116.8,0.509,0.136,0.374,16.1,0.39,0.423,0.187,0.40399999999999997,0.373,0.222,30.5,699.0,28.0,2023,54,127,139,1,0.28289473684210525,720,0.075,0.1763888888888889,0.19305555555555556,0.001388888888888889,True,230.39,765.0
2022,19612,bo bichette,Bo Bichette,TOR,0.059000000000000004,0.222,0.386,0.805,0.56,0.6609999999999999,0.888,0.797,0.114,91.9,112.4,0.503,0.096,0.374,8.5,0.48700000000000004,0.309,0.204,0.293,0.369,0.33899999999999997,30.5,697.0,24.0,2023,20,69,73,5,0.3064798598949212,601,0.033277870216306155,0.11480865224625623,0.12146422628951747,0.008319467554076539,True,207.78,724.0
2022,15640,aaron judge,Aaron Judge,NYY,0.159,0.251,0.268,0.6759999999999999,0.425,0.517,0.852,0.722,0.11800000000000001,95.8,118.4,0.611,0.262,0.374,14.9,0.373,0.435,0.193,0.475,0.318,0.20800000000000002,30.5,696.0,30.0,2023,37,79,75,3,0.2670299727520436,458,0.08078602620087336,0.17248908296943233,0.16375545851528384,0.006550218340611353,True,261.42,749.0
2022,18314,dansby swanson,Dansby Swanson,ATL,0.07,0.261,0.314,0.746,0.495,0.5710000000000001,0.804,0.718,0.139,90.2,109.6,0.46299999999999997,0.10800000000000001,0.374,15.7,0.387,0.4,0.212,0.39799999999999996,0.35100000000000003,0.251,30.5,696.0,28.0,2023,22,81,80,9,0.24424778761061947,638,0.034482758620689655,0.12695924764890282,0.12539184952978055,0.014106583072100314,True,198.64,765.0
2022,18360,austin riley,Austin Riley,ATL,0.08199999999999999,0.242,0.345,0.773,0.516,0.575,0.8590000000000001,0.7440000000000001,0.132,92.5,115.9,0.508,0.157,0.374,12.9,0.379,0.386,0.235,0.415,0.344,0.242,30.5,693.0,25.0,2023,37,117,97,3,0.28144654088050314,715,0.05174825174825175,0.16363636363636364,0.13566433566433567,0.004195804195804196,True,211.5,765.0
2022,13510,jose ramirez,Jose Ramirez,CLE,0.10099999999999999,0.12,0.32299999999999995,0.679,0.461,0.78,0.9229999999999999,0.862,0.064,87.7,114.2,0.369,0.066,0.374,20.7,0.324,0.506,0.17,0.466,0.326,0.20800000000000002,30.5,685.0,29.0,2023,24,87,80,28,0.281505728314239,691,0.03473227206946455,0.12590448625180897,0.11577424023154848,0.04052098408104197,True,246.33,637.0
2022,19251,pete alonso,Pete Alonso,NYM,0.098,0.187,0.36,0.742,0.499,0.677,0.878,0.7859999999999999,0.107,89.8,116.5,0.44799999999999995,0.12300000000000001,0.374,18.2,0.36200000000000004,0.439,0.19899999999999998,0.44799999999999995,0.312,0.24100000000000002,30.5,685.0,27.0,2023,46,92,118,4,0.21654929577464788,658,0.06990881458966565,0.1398176291793313,0.17933130699088146,0.0060790273556231,True,228.65,688.0
2022,18036,jake cronenworth,Jake Cronenworth,SDP,0.102,0.192,0.254,0.615,0.41700000000000004,0.6970000000000001,0.9129999999999999,0.841,0.066,87.6,108.6,0.33799999999999997,0.055999999999999994,0.374,18.1,0.354,0.47700000000000004,0.16899999999999998,0.336,0.366,0.297,30.5,684.0,28.0,2023,10,54,48,6,0.2292576419213974,522,0.019157088122605363,0.10344827586206896,0.09195402298850575,0.011494252873563218,True,242.34,531.0
2022,15676,jose abreu,Jose Abreu,CHW,0.091,0.162,0.336,0.665,0.473,0.664,0.884,0.7929999999999999,0.098,92.2,113.0,0.517,0.095,0.374,8.0,0.479,0.317,0.204,0.38,0.36200000000000004,0.259,30.5,679.0,35.0,2023,18,62,90,0,0.23703703703703705,594,0.030303030303030304,0.10437710437710437,0.15151515151515152,0.0,True,223.32,649.0
2022,12927,brandon nimmo,Brandon Nimmo,NYM,0.105,0.172,0.261,0.66,0.43700000000000006,0.6970000000000001,0.8909999999999999,0.826,0.076,89.4,111.9,0.39799999999999996,0.07,0.374,6.1,0.505,0.317,0.177,0.321,0.385,0.294,30.5,673.0,29.0,2023,24,89,68,3,0.27364864864864863,682,0.03519061583577713,0.13049853372434017,0.09970674486803519,0.004398826979472141,True,237.43,688.0
2022,17929,cedric mullins,Cedric Mullins,BAL,0.07,0.188,0.342,0.7170000000000001,0.507,0.723,0.8640000000000001,0.81,0.096,88.8,109.4,0.371,0.049,0.374,17.5,0.387,0.436,0.177,0.439,0.326,0.23600000000000002,30.5,672.0,27.0,2023,15,51,74,19,0.23267326732673269,455,0.03296703296703297,0.11208791208791209,0.16263736263736264,0.041758241758241756,True,210.34,630.0
2022,11477,christian yelich,Christian Yelich,MIL,0.131,0.24100000000000002,0.262,0.682,0.431,0.5760000000000001,0.885,0.773,0.098,91.5,117.2,0.486,0.08199999999999999,0.374,3.6,0.586,0.23,0.184,0.344,0.353,0.303,30.5,671.0,30.0,2023,19,106,76,28,0.2781818181818182,632,0.030063291139240507,0.16772151898734178,0.12025316455696203,0.04430379746835443,True,243.51,721.0
2022,15518,amed rosario,Amed Rosario,CLE,0.037000000000000005,0.166,0.425,0.684,0.531,0.7340000000000001,0.884,0.813,0.099,88.4,110.8,0.38299999999999995,0.045,0.374,5.0,0.525,0.27399999999999997,0.20199999999999999,0.34700000000000003,0.379,0.27399999999999997,30.5,670.0,26.0,2023,6,70,58,15,0.2627450980392157,545,0.011009174311926606,0.12844036697247707,0.10642201834862386,0.027522935779816515,True,188.2,637.0
2022,16478,kyle schwarber,Kyle Schwarber,PHI,0.129,0.299,0.25,0.621,0.40299999999999997,0.583,0.81,0.728,0.11,93.2,114.8,0.544,0.201,0.374,19.2,0.332,0.511,0.157,0.43799999999999994,0.369,0.193,30.5,669.0,29.0,2023,47,108,104,0,0.19658119658119658,720,0.06527777777777778,0.15,0.14444444444444443,0.0,True,232.41,707.0
2022,13419,christian walker,Christian Walker,ARI,0.10300000000000001,0.196,0.272,0.701,0.447,0.5770000000000001,0.882,0.772,0.102,90.0,112.6,0.44,0.115,0.374,17.0,0.38299999999999995,0.442,0.174,0.429,0.33799999999999997,0.233,30.5,667.0,31.0,2023,33,86,103,11,0.25773195876288657,661,0.049924357034795766,0.13010590015128592,0.15582450832072617,0.01664145234493192,True,223.18,625.0
2022,19755,shohei ohtani,Shohei Ohtani,LAA,0.10800000000000001,0.242,0.32,0.745,0.493,0.625,0.818,0.743,0.126,92.9,119.1,0.498,0.168,0.374,12.1,0.42100000000000004,0.381,0.198,0.371,0.35,0.278,30.5,666.0,27.0,2023,44,102,95,20,0.3038229376257545,599,0.07345575959933222,0.17028380634390652,0.15859766277128548,0.0333889816360601,True,220.38,561.0
2022,20123,juan soto,Juan Soto,- - -,0.203,0.145,0.19899999999999998,0.591,0.353,0.71,0.892,0.83,0.06,91.0,113.2,0.473,0.124,0.374,9.1,0.47100000000000003,0.368,0.162,0.381,0.381,0.23800000000000002,30.5,664.0,23.0,2023,35,97,109,12,0.2746478873239437,708,0.04943502824858757,0.1370056497175141,0.153954802259887,0.01694915254237288,True,300.13,673.0
2022,13624,corey seager,Corey Seager,TEX,0.087,0.155,0.35100000000000003,0.8190000000000001,0.545,0.53,0.882,0.7490000000000001,0.13699999999999998,91.1,111.3,0.455,0.105,0.374,13.6,0.4,0.39,0.21,0.42200000000000004,0.34299999999999997,0.23399999999999999,30.5,663.0,28.0,2023,33,88,96,2,0.3270440251572327,536,0.061567164179104475,0.16417910447761194,0.1791044776119403,0.0037313432835820895,True,206.66,687.0
2022,10815,jurickson profar,Jurickson Profar,SDP,0.111,0.157,0.27,0.655,0.433,0.726,0.887,0.8290000000000001,0.07400000000000001,87.5,109.4,0.34299999999999997,0.04,0.374,12.9,0.439,0.344,0.217,0.439,0.314,0.247,30.5,658.0,29.0,2023,9,55,46,1,0.24183006535947713,521,0.01727447216890595,0.10556621880998081,0.08829174664107485,0.0019193857965451055,True,236.68,531.0
2022,19287,adolis garcia,Adolis Garcia,TEX,0.061,0.27899999999999997,0.40299999999999997,0.755,0.535,0.5920000000000001,0.769,0.6859999999999999,0.168,92.1,113.0,0.474,0.129,0.374,13.2,0.40700000000000003,0.39799999999999996,0.19399999999999998,0.423,0.36200000000000004,0.215,30.5,657.0,29.0,2023,39,108,107,9,0.24504504504504504,632,0.061708860759493674,0.17088607594936708,0.16930379746835442,0.014240506329113924,True,175.29,687.0
2022,17678,alex bregman,Alex Bregman,HOU,0.133,0.11699999999999999,0.218,0.695,0.40299999999999997,0.745,0.92,0.862,0.055999999999999994,88.9,109.2,0.37799999999999995,0.073,0.374,19.5,0.33299999999999996,0.478,0.18899999999999997,0.48200000000000004,0.32799999999999996,0.18899999999999997,30.5,656.0,28.0,2023,25,103,98,3,0.2620578778135048,724,0.034530386740331494,0.14226519337016574,0.13535911602209943,0.004143646408839779,True,256.89,673.0
2022,9218,paul goldschmidt,Paul Goldschmidt,STL,0.121,0.217,0.276,0.617,0.41700000000000004,0.677,0.818,0.763,0.099,90.7,112.3,0.47200000000000003,0.115,0.374,15.7,0.40299999999999997,0.408,0.18899999999999997,0.377,0.363,0.259,30.5,651.0,34.0,2023,25,89,80,11,0.26812816188870153,687,0.036390101892285295,0.12954876273653565,0.11644832605531295,0.01601164483260553,True,227.78,717.0
2022,14551,anthony santander,Anthony Santander,BAL,0.085,0.18899999999999997,0.35,0.6829999999999999,0.47700000000000004,0.71,0.8859999999999999,0.8059999999999999,0.092,90.1,112.0,0.433,0.11599999999999999,0.374,21.4,0.314,0.498,0.18899999999999997,0.44,0.359,0.201,30.5,647.0,27.0,2023,28,81,95,5,0.2571912013536379,656,0.042682926829268296,0.12347560975609756,0.1448170731707317,0.007621951219512195,True,211.44,630.0
2022,13145,josh bell,Josh Bell,- - -,0.125,0.158,0.29100000000000004,0.701,0.45299999999999996,0.7170000000000001,0.863,0.8059999999999999,0.08800000000000001,88.9,112.2,0.405,0.07200000000000001,0.374,8.3,0.504,0.309,0.18600000000000003,0.384,0.36,0.257,30.5,647.0,29.0,2023,22,52,74,0,0.24680073126142596,617,0.03565640194489465,0.08427876823338736,0.11993517017828201,0.0,True,237.32,673.0
2022,19290,randy arozarena,Randy Arozarena,TBR,0.071,0.242,0.33399999999999996,0.6559999999999999,0.46,0.638,0.8109999999999999,0.735,0.122,89.9,114.1,0.41,0.079,0.374,8.8,0.507,0.32899999999999996,0.16399999999999998,0.396,0.38,0.225,30.5,645.0,27.0,2023,23,95,83,22,0.2540834845735027,654,0.035168195718654434,0.1452599388379205,0.12691131498470948,0.03363914373088685,True,188.02,566.0
2022,19566,nathaniel lowe,Nathaniel Lowe,TEX,0.07400000000000001,0.228,0.349,0.75,0.522,0.659,0.867,0.7879999999999999,0.111,90.2,113.0,0.44799999999999995,0.099,0.374,8.2,0.48100000000000004,0.306,0.213,0.33,0.37,0.3,30.5,645.0,26.0,2023,17,89,82,1,0.26163723916532905,724,0.023480662983425413,0.12292817679558012,0.1132596685082873,0.0013812154696132596,True,200.21,687.0
2022,17027,alex verdugo,Alex Verdugo,BOS,0.065,0.134,0.29,0.649,0.452,0.727,0.9329999999999999,0.861,0.063,89.1,111.0,0.382,0.06,0.374,8.4,0.456,0.32899999999999996,0.214,0.322,0.423,0.255,30.5,644.0,26.0,2023,13,81,54,5,0.26373626373626374,602,0.02159468438538206,0.1345514950166113,0.08970099667774087,0.008305647840531562,True,208.21,610.0
2022,11493,manny machado,Manny Machado,SDP,0.098,0.207,0.342,0.77,0.508,0.643,0.856,0.768,0.11800000000000001,91.5,112.4,0.49,0.098,0.374,16.0,0.37799999999999995,0.41600000000000004,0.20600000000000002,0.41200000000000003,0.33799999999999997,0.251,30.5,644.0,29.0,2023,30,75,91,3,0.2578268876611418,601,0.04991680532445923,0.12479201331114809,0.15141430948419302,0.004991680532445923,True,211.49,531.0
2022,17919,ian happ,Ian Happ,CHC,0.09,0.23199999999999998,0.307,0.746,0.49,0.621,0.8370000000000001,0.758,0.11900000000000001,89.7,113.9,0.402,0.065,0.374,10.9,0.46399999999999997,0.335,0.201,0.425,0.327,0.248,30.5,641.0,27.0,2023,21,86,84,14,0.2482758620689655,691,0.030390738060781478,0.12445730824891461,0.12156295224312591,0.020260492040520984,True,203.45,598.0
2022,13611,mookie betts,Mookie Betts,LAD,0.086,0.163,0.26,0.696,0.442,0.6759999999999999,0.9390000000000001,0.8490000000000001,0.067,90.5,109.0,0.449,0.09699999999999999,0.374,18.6,0.337,0.47700000000000004,0.18600000000000003,0.45299999999999996,0.337,0.21,30.5,639.0,29.0,2023,39,126,107,14,0.3065068493150685,693,0.05627705627705628,0.18181818181818182,0.1544011544011544,0.020202020202020204,True,217.71,782.0
2022,24610,steven kwan,Steven Kwan,CLE,0.09699999999999999,0.094,0.233,0.5529999999999999,0.377,0.85,0.9540000000000001,0.919,0.031,85.1,107.1,0.20800000000000002,0.013999999999999999,0.374,11.8,0.424,0.35,0.226,0.308,0.354,0.33799999999999997,30.5,638.0,24.0,2023,5,93,54,21,0.26802507836990597,718,0.006963788300835654,0.12952646239554316,0.07520891364902507,0.02924791086350975,True,237.78,637.0
2022,12546,cj cron,C.J. Cron,COL,0.068,0.259,0.358,0.644,0.47700000000000004,0.6509999999999999,0.8690000000000001,0.773,0.10800000000000001,88.6,115.5,0.42200000000000004,0.10800000000000001,0.374,14.1,0.39399999999999996,0.401,0.204,0.349,0.389,0.262,30.5,632.0,32.0,2023,12,38,37,0,0.24806201550387597,278,0.04316546762589928,0.1366906474820144,0.13309352517985612,0.0,True,189.54,698.0
2022,25764,bobby witt,Bobby Witt Jr.,KCR,0.047,0.214,0.373,0.731,0.518,0.6679999999999999,0.856,0.7759999999999999,0.11599999999999999,89.7,113.7,0.386,0.087,0.374,16.8,0.36200000000000004,0.46399999999999997,0.174,0.358,0.386,0.256,30.5,632.0,22.0,2023,30,97,96,49,0.27613104524180965,694,0.043227665706051875,0.13976945244956773,0.138328530259366,0.07060518731988473,True,176.83,507.0
2022,21618,alec bohm,Alec Bohm,PHI,0.049,0.174,0.354,0.738,0.512,0.727,0.871,0.812,0.096,90.2,110.8,0.43,0.068,0.374,10.3,0.461,0.305,0.235,0.337,0.364,0.298,30.5,631.0,25.0,2023,20,74,97,4,0.27419354838709675,611,0.03273322422258593,0.12111292962356793,0.15875613747954173,0.006546644844517185,True,184.63,707.0
2022,12161,xander bogaerts,Xander Bogaerts,BOS,0.09,0.187,0.319,0.66,0.457,0.6609999999999999,0.846,0.769,0.106,88.1,113.0,0.395,0.065,0.374,10.1,0.46399999999999997,0.318,0.217,0.39899999999999997,0.345,0.256,30.5,631.0,29.0,2023,19,83,58,19,0.28523489932885904,665,0.02857142857142857,0.12481203007518797,0.08721804511278196,0.02857142857142857,True,202.36,610.0
2022,19470,tommy edman,Tommy Edman,STL,0.073,0.17600000000000002,0.342,0.638,0.467,0.675,0.909,0.8109999999999999,0.08800000000000001,88.6,112.8,0.37799999999999995,0.062,0.374,8.7,0.495,0.31,0.196,0.385,0.38,0.235,30.5,630.0,27.0,2023,13,69,47,27,0.24843423799582465,528,0.02462121212121212,0.13068181818181818,0.08901515151515152,0.05113636363636364,True,199.27,717.0
2022,12552,eugenio suarez,Eugenio Suarez,SEA,0.11599999999999999,0.312,0.247,0.6579999999999999,0.418,0.49700000000000005,0.7979999999999999,0.6940000000000001,0.128,89.8,111.4,0.435,0.14800000000000002,0.374,19.9,0.341,0.457,0.20199999999999999,0.46299999999999997,0.301,0.23600000000000002,30.5,629.0,30.0,2023,22,68,96,2,0.23244147157190637,694,0.03170028818443804,0.09798270893371758,0.138328530259366,0.002881844380403458,True,203.92,643.0
2022,2967,tommy pham,Tommy Pham,- - -,0.09,0.268,0.255,0.628,0.42,0.557,0.873,0.7659999999999999,0.098,92.2,112.6,0.485,0.079,0.374,7.7,0.48,0.337,0.184,0.375,0.375,0.25,30.5,622.0,34.0,2023,16,55,68,22,0.25586854460093894,481,0.033264033264033266,0.11434511434511435,0.14137214137214138,0.04573804573804574,True,198.92,673.0
2022,16505,matt chapman,Matt Chapman,TOR,0.11,0.27399999999999997,0.22899999999999998,0.679,0.418,0.619,0.797,0.74,0.10800000000000001,92.2,112.7,0.512,0.129,0.374,19.0,0.34,0.485,0.174,0.47700000000000004,0.34600000000000003,0.177,30.5,621.0,29.0,2023,17,66,54,4,0.23968565815324164,581,0.029259896729776247,0.11359724612736662,0.09294320137693632,0.0068846815834767644,True,206.17,724.0
2022,9777,nolan arenado,Nolan Arenado,STL,0.084,0.11599999999999999,0.361,0.68,0.484,0.721,0.9079999999999999,0.823,0.086,88.8,111.4,0.389,0.08199999999999999,0.374,21.7,0.297,0.499,0.204,0.479,0.325,0.196,30.5,620.0,31.0,2023,26,71,93,3,0.26607142857142857,612,0.042483660130718956,0.11601307189542484,0.15196078431372548,0.004901960784313725,True,205.16,717.0
2022,15986,willy adames,Willy Adames,MIL,0.079,0.26899999999999996,0.337,0.7240000000000001,0.496,0.595,0.836,0.7390000000000001,0.129,88.9,110.6,0.436,0.13,0.374,19.0,0.342,0.45899999999999996,0.2,0.40399999999999997,0.34700000000000003,0.249,30.5,617.0,26.0,2023,24,73,80,5,0.21699819168173598,638,0.03761755485893417,0.11442006269592477,0.12539184952978055,0.007836990595611285,True,185.53,721.0
2022,17350,rafael devers,Rafael Devers,BOS,0.081,0.18600000000000003,0.40299999999999997,0.773,0.545,0.662,0.804,0.74,0.142,93.1,113.7,0.509,0.115,0.374,11.2,0.42200000000000004,0.375,0.203,0.34,0.39399999999999996,0.266,30.5,614.0,25.0,2023,33,90,100,5,0.2706896551724138,656,0.05030487804878049,0.13719512195121952,0.1524390243902439,0.007621951219512195,True,186.04,610.0
2022,19326,bryan reynolds,Bryan Reynolds,PIT,0.091,0.23,0.35600000000000004,0.745,0.504,0.565,0.88,0.742,0.13,90.2,113.2,0.429,0.079,0.374,12.0,0.43200000000000005,0.34700000000000003,0.221,0.402,0.35200000000000004,0.24600000000000002,30.5,614.0,27.0,2023,24,85,84,12,0.26306620209059234,640,0.0375,0.1328125,0.13125,0.01875,True,192.55,526.0
2022,17982,ty france,Ty France,SEA,0.057,0.153,0.358,0.785,0.524,0.674,0.929,0.8220000000000001,0.09300000000000001,87.6,110.4,0.36700000000000005,0.054000000000000006,0.374,10.0,0.478,0.307,0.214,0.38299999999999995,0.342,0.275,30.5,613.0,27.0,2023,12,79,58,1,0.2504258943781942,665,0.01804511278195489,0.11879699248120301,0.08721804511278196,0.0015037593984962407,True,186.11,643.0
2022,19352,sean murphy,Sean Murphy,OAK,0.092,0.203,0.34,0.721,0.493,0.6709999999999999,0.853,0.778,0.11,88.7,114.0,0.413,0.105,0.374,11.5,0.42100000000000004,0.376,0.203,0.41600000000000004,0.35600000000000004,0.22699999999999998,30.5,612.0,27.0,2023,21,65,68,0,0.25135135135135134,438,0.04794520547945205,0.14840182648401826,0.1552511415525114,0.0,True,199.14,493.0
2022,18345,kyle tucker,Kyle Tucker,HOU,0.09699999999999999,0.156,0.302,0.84,0.525,0.664,0.888,0.813,0.098,90.0,111.3,0.42100000000000004,0.10099999999999999,0.374,19.0,0.341,0.47,0.18899999999999997,0.39899999999999997,0.375,0.226,30.5,609.0,25.0,2023,29,97,112,30,0.28397212543554007,674,0.04302670623145401,0.14391691394658754,0.1661721068249258,0.04451038575667656,True,207.61,673.0
2022,18373,ryan mountcastle,Ryan Mountcastle,BAL,0.071,0.253,0.41,0.815,0.563,0.624,0.8079999999999999,0.7240000000000001,0.155,91.3,112.0,0.46299999999999997,0.15,0.374,15.9,0.373,0.40700000000000003,0.221,0.33799999999999997,0.368,0.294,30.5,609.0,25.0,2023,18,64,68,3,0.2695035460992908,470,0.03829787234042553,0.13617021276595745,0.14468085106382977,0.006382978723404255,True,175.51,630.0
2022,5417,jose altuve,Jose Altuve,HOU,0.109,0.14400000000000002,0.314,0.65,0.43799999999999994,0.768,0.91,0.846,0.068,85.9,109.8,0.297,0.077,0.374,16.1,0.41,0.387,0.204,0.519,0.317,0.163,30.5,604.0,32.0,2023,17,76,51,14,0.3111111111111111,410,0.041463414634146344,0.18536585365853658,0.12439024390243902,0.03414634146341464,True,219.13,673.0
2022,15491,jp crawford,J.P. Crawford,SEA,0.113,0.133,0.243,0.63,0.41,0.7709999999999999,0.9259999999999999,0.8740000000000001,0.052000000000000005,85.1,109.3,0.297,0.02,0.374,8.9,0.452,0.314,0.23399999999999999,0.342,0.384,0.27399999999999997,30.5,603.0,27.0,2023,19,94,65,2,0.26591760299625467,638,0.029780564263322883,0.14733542319749215,0.10188087774294671,0.003134796238244514,True,226.25,643.0
2022,18568,luis arraez,Luis Arraez,MIN,0.083,0.071,0.28600000000000003,0.631,0.42700000000000005,0.9109999999999999,0.96,0.941,0.025,88.9,107.3,0.302,0.036000000000000004,0.374,12.9,0.41200000000000003,0.32899999999999996,0.258,0.316,0.379,0.306,30.5,603.0,25.0,2023,10,71,69,3,0.35365853658536583,617,0.01620745542949757,0.11507293354943274,0.11183144246353323,0.004862236628849271,True,220.28,684.0
2022,15223,adam frazier,Adam Frazier,SEA,0.076,0.121,0.327,0.7,0.486,0.782,0.9259999999999999,0.87,0.063,85.1,105.1,0.245,0.015,0.374,13.7,0.41200000000000003,0.348,0.24,0.366,0.36200000000000004,0.272,30.5,602.0,30.0,2023,13,59,60,11,0.24029126213592233,455,0.02857142857142857,0.12967032967032968,0.13186813186813187,0.024175824175824177,True,202.87,643.0
2022,5827,wilmer flores,Wilmer Flores,SFG,0.098,0.171,0.307,0.6809999999999999,0.456,0.716,0.9009999999999999,0.826,0.079,87.8,108.3,0.354,0.063,0.374,20.7,0.34299999999999997,0.466,0.191,0.486,0.292,0.222,30.5,602.0,30.0,2023,23,51,60,0,0.2839506172839506,454,0.05066079295154185,0.11233480176211454,0.13215859030837004,0.0,True,208.17,612.0
2022,15679,rowdy tellez,Rowdy Tellez,MIL,0.10400000000000001,0.20199999999999999,0.31,0.605,0.433,0.679,0.857,0.7829999999999999,0.094,91.1,116.9,0.46,0.129,0.374,15.3,0.389,0.455,0.156,0.414,0.397,0.19,30.5,599.0,27.0,2023,13,26,47,0,0.21543408360128619,351,0.037037037037037035,0.07407407407407407,0.1339031339031339,0.0,True,203.0,721.0
2022,15112,ryan mcmahon,Ryan McMahon,COL,0.10099999999999999,0.265,0.285,0.662,0.452,0.6,0.83,0.7490000000000001,0.113,91.7,113.7,0.465,0.10400000000000001,0.374,10.8,0.446,0.327,0.22699999999999998,0.369,0.34,0.29100000000000004,30.5,597.0,27.0,2023,23,80,70,5,0.23963963963963963,627,0.03668261562998405,0.12759170653907495,0.11164274322169059,0.007974481658692184,True,194.44,698.0
2022,17620,myles straw,Myles Straw,CLE,0.091,0.146,0.23399999999999999,0.599,0.40399999999999997,0.784,0.9390000000000001,0.8909999999999999,0.044000000000000004,87.0,104.8,0.264,0.006999999999999999,0.374,9.7,0.47200000000000003,0.337,0.191,0.26,0.379,0.361,30.5,596.0,27.0,2023,1,52,29,20,0.23809523809523808,518,0.0019305019305019305,0.10038610038610038,0.055984555984555984,0.03861003861003861,True,213.55,637.0
2022,6184,jd martinez,J.D. Martinez,BOS,0.087,0.243,0.349,0.7809999999999999,0.519,0.58,0.812,0.718,0.146,89.1,111.6,0.41600000000000004,0.124,0.374,14.1,0.382,0.397,0.221,0.33799999999999997,0.369,0.293,30.5,596.0,34.0,2023,33,61,103,1,0.2708333333333333,479,0.06889352818371608,0.12734864300626306,0.2150313152400835,0.0020876826722338203,True,180.23,610.0
2022,19918,daulton varsho,Daulton Varsho,ARI,0.078,0.245,0.348,0.687,0.499,0.6759999999999999,0.823,0.7659999999999999,0.11699999999999999,87.7,110.3,0.355,0.102,0.374,14.9,0.40399999999999997,0.44299999999999995,0.153,0.545,0.295,0.16,30.5,592.0,25.0,2023,20,65,61,16,0.22011385199240988,581,0.03442340791738382,0.11187607573149742,0.10499139414802065,0.027538726333907058,True,182.22,625.0
2022,12979,javier baez,Javier Baez,DET,0.044000000000000004,0.249,0.48700000000000004,0.691,0.5579999999999999,0.5529999999999999,0.815,0.6659999999999999,0.18600000000000003,87.9,112.1,0.38,0.08,0.374,9.6,0.499,0.336,0.165,0.436,0.316,0.248,30.5,590.0,29.0,2023,9,58,59,12,0.22156862745098038,547,0.016453382084095063,0.10603290676416818,0.10786106032906764,0.021937842778793418,True,143.84,533.0
2022,14162,carlos correa,Carlos Correa,MIN,0.10300000000000001,0.205,0.308,0.643,0.444,0.679,0.8809999999999999,0.797,0.09,89.9,114.6,0.447,0.114,0.374,11.6,0.42700000000000005,0.375,0.198,0.41,0.385,0.205,30.5,590.0,27.0,2023,18,60,65,0,0.22957198443579765,580,0.03103448275862069,0.10344827586206896,0.11206896551724138,0.0,True,201.84,684.0
2022,15362,jeff mcneil,Jeff McNeil,NYM,0.068,0.10400000000000001,0.33799999999999997,0.789,0.5329999999999999,0.795,0.8959999999999999,0.86,0.075,86.9,110.0,0.302,0.027000000000000003,0.374,12.8,0.41100000000000003,0.35,0.23800000000000002,0.342,0.4,0.258,30.5,589.0,30.0,2023,10,75,55,10,0.27008547008547007,648,0.015432098765432098,0.11574074074074074,0.08487654320987655,0.015432098765432098,True,192.01,688.0
2022,15149,trey mancini,Trey Mancini,- - -,0.09,0.23,0.33399999999999996,0.6940000000000001,0.48100000000000004,0.598,0.851,0.747,0.122,89.5,111.8,0.40399999999999997,0.098,0.374,12.7,0.39799999999999996,0.391,0.21100000000000002,0.45,0.321,0.22899999999999998,30.5,587.0,30.0,2023,4,31,28,0,0.23404255319148937,263,0.015209125475285171,0.11787072243346007,0.10646387832699619,0.0,True,184.38,673.0
2022,19198,yuli gurriel,Yuli Gurriel,HOU,0.051,0.125,0.379,0.653,0.486,0.8009999999999999,0.937,0.873,0.062,88.2,109.6,0.35600000000000004,0.019,0.374,14.5,0.406,0.408,0.185,0.337,0.368,0.295,30.5,584.0,38.0,2023,4,32,27,4,0.24496644295302014,329,0.0121580547112462,0.0972644376899696,0.08206686930091185,0.0121580547112462,True,182.73,673.0
2022,14813,kyle farmer,Kyle Farmer,CIN,0.057,0.17,0.38799999999999996,0.6629999999999999,0.502,0.701,0.917,0.8190000000000001,0.091,85.5,106.6,0.336,0.044000000000000004,0.374,12.7,0.44799999999999995,0.316,0.23600000000000002,0.43700000000000006,0.317,0.24600000000000002,30.5,583.0,31.0,2023,11,49,46,2,0.25595238095238093,369,0.02981029810298103,0.13279132791327913,0.12466124661246612,0.005420054200542005,True,176.47,442.0
2022,12856,george springer,George Springer,TOR,0.09300000000000001,0.172,0.301,0.789,0.508,0.584,0.818,0.738,0.133,88.7,113.6,0.419,0.083,0.374,13.8,0.445,0.376,0.179,0.483,0.285,0.23199999999999998,30.5,583.0,32.0,2023,21,87,72,20,0.25774877650897227,683,0.03074670571010249,0.1273792093704246,0.1054172767203514,0.029282576866764276,True,183.3,724.0
2022,19363,austin hays,Austin Hays,BAL,0.057999999999999996,0.196,0.397,0.68,0.509,0.642,0.904,0.7809999999999999,0.11199999999999999,87.7,109.0,0.377,0.052000000000000005,0.374,11.3,0.431,0.377,0.192,0.434,0.335,0.231,30.5,582.0,26.0,2023,16,76,67,5,0.275,566,0.028268551236749116,0.13427561837455831,0.11837455830388692,0.0088339222614841,True,170.12,630.0
2022,27506,ha seong kim,Ha-seong Kim,SDP,0.08800000000000001,0.172,0.275,0.623,0.431,0.743,0.883,0.8340000000000001,0.07200000000000001,86.7,109.4,0.32299999999999995,0.042,0.374,16.1,0.395,0.39299999999999996,0.212,0.465,0.361,0.175,30.5,582.0,26.0,2023,17,84,60,38,0.26022304832713755,626,0.027156549520766772,0.134185303514377,0.09584664536741214,0.06070287539936102,True,196.83,531.0
2022,17907,brendan rodgers,Brendan Rodgers,COL,0.079,0.174,0.314,0.74,0.494,0.647,0.88,0.795,0.10099999999999999,90.0,112.2,0.45899999999999996,0.07200000000000001,0.374,4.6,0.522,0.267,0.21100000000000002,0.309,0.37799999999999995,0.313,30.5,581.0,25.0,2023,4,21,20,0,0.25842696629213485,192,0.020833333333333332,0.109375,0.10416666666666667,0.0,True,184.47,698.0
2022,9847,andrew mccutchen,Andrew McCutchen,MIL,0.098,0.214,0.249,0.716,0.449,0.598,0.858,0.7759999999999999,0.10099999999999999,89.1,110.6,0.4,0.086,0.374,13.1,0.418,0.375,0.20800000000000002,0.43799999999999994,0.375,0.187,30.5,580.0,35.0,2023,12,55,43,11,0.2564102564102564,473,0.02536997885835095,0.11627906976744186,0.09090909090909091,0.023255813953488372,True,191.86,721.0
2022,19197,will smith,Will Smith,LAD,0.09699999999999999,0.166,0.254,0.662,0.426,0.7490000000000001,0.875,0.8320000000000001,0.07200000000000001,89.9,109.0,0.43,0.10300000000000001,0.374,18.4,0.317,0.47100000000000003,0.212,0.377,0.37,0.252,30.5,578.0,27.0,2023,19,80,76,3,0.2607758620689655,554,0.03429602888086643,0.1444043321299639,0.1371841155234657,0.005415162454873646,True,200.33,782.0
2022,7859,charlie blackmon,Charlie Blackmon,COL,0.055,0.18899999999999997,0.359,0.718,0.514,0.72,0.875,0.813,0.096,86.2,109.5,0.306,0.044000000000000004,0.374,12.4,0.434,0.33899999999999997,0.22699999999999998,0.40700000000000003,0.369,0.22399999999999998,30.5,577.0,35.0,2023,8,57,40,4,0.2785515320334262,413,0.01937046004842615,0.13801452784503632,0.09685230024213075,0.009685230024213076,True,172.47,698.0
2022,8709,elvis andrus,Elvis Andrus,- - -,0.068,0.159,0.32799999999999996,0.63,0.45399999999999996,0.696,0.887,0.8059999999999999,0.08800000000000001,87.9,109.9,0.348,0.045,0.374,11.9,0.465,0.36200000000000004,0.17300000000000001,0.406,0.354,0.239,30.5,577.0,33.0,2023,6,39,44,12,0.25133689839572193,406,0.014778325123152709,0.0960591133004926,0.10837438423645321,0.029556650246305417,True,178.75,673.0
2022,16997,gleyber torres,Gleyber Torres,NYY,0.068,0.226,0.315,0.7490000000000001,0.494,0.62,0.8240000000000001,0.748,0.124,90.4,111.3,0.451,0.107,0.374,17.5,0.35600000000000004,0.45899999999999996,0.185,0.36700000000000005,0.33899999999999997,0.294,30.5,572.0,25.0,2023,25,90,68,13,0.27348993288590606,672,0.03720238095238095,0.13392857142857142,0.10119047619047619,0.019345238095238096,True,167.25,749.0
2022,11615,brandon drury,Brandon Drury,- - -,0.067,0.222,0.324,0.648,0.45899999999999996,0.7040000000000001,0.889,0.812,0.086,89.1,112.4,0.42200000000000004,0.10400000000000001,0.374,13.8,0.409,0.39399999999999996,0.19699999999999998,0.47200000000000003,0.301,0.22699999999999998,30.5,568.0,29.0,2023,26,61,83,0,0.2618556701030928,523,0.0497131931166348,0.11663479923518165,0.1586998087954111,0.0,True,176.42,673.0
2022,13301,max muncy,Max Muncy,LAD,0.159,0.25,0.212,0.617,0.384,0.593,0.823,0.75,0.096,90.3,111.2,0.456,0.134,0.374,20.9,0.315,0.495,0.19,0.49200000000000005,0.313,0.195,30.5,565.0,31.0,2023,36,95,105,1,0.21161825726141079,579,0.06217616580310881,0.16407599309153714,0.18134715025906736,0.0017271157167530224,True,216.96,782.0
2022,17548,taylor ward,Taylor Ward,LAA,0.106,0.213,0.23600000000000002,0.6609999999999999,0.414,0.65,0.8740000000000001,0.8,0.083,90.0,112.6,0.429,0.124,0.374,15.8,0.35,0.43200000000000005,0.218,0.40299999999999997,0.358,0.239,30.5,564.0,28.0,2023,14,60,47,4,0.25280898876404495,409,0.034229828850855744,0.1466992665036675,0.11491442542787286,0.009779951100244499,True,195.14,561.0
2022,11739,jt realmuto,J.T. Realmuto,PHI,0.073,0.212,0.35,0.6920000000000001,0.49,0.6659999999999999,0.8390000000000001,0.767,0.114,90.3,110.4,0.47200000000000003,0.113,0.374,13.1,0.444,0.359,0.19699999999999998,0.392,0.336,0.272,30.5,562.0,31.0,2023,20,70,63,16,0.25153374233128833,540,0.037037037037037035,0.12962962962962962,0.11666666666666667,0.02962962962962963,True,170.34,707.0
2022,19556,yordan alvarez,Yordan Alvarez,HOU,0.139,0.18899999999999997,0.275,0.6679999999999999,0.426,0.625,0.8959999999999999,0.7879999999999999,0.09,95.2,117.4,0.598,0.21,0.374,12.2,0.391,0.39399999999999996,0.21600000000000003,0.39399999999999996,0.396,0.21,30.5,561.0,25.0,2023,31,77,97,0,0.2926829268292683,496,0.0625,0.15524193548387097,0.19556451612903225,0.0,True,210.6,673.0
2022,18577,kebryan hayes,Ke'Bryan Hayes,PIT,0.086,0.218,0.3,0.635,0.433,0.6579999999999999,0.9209999999999999,0.8109999999999999,0.08199999999999999,91.0,113.0,0.46799999999999997,0.039,0.374,5.3,0.494,0.28800000000000003,0.218,0.27,0.408,0.322,30.5,560.0,25.0,2023,15,65,61,10,0.27125506072874495,525,0.02857142857142857,0.12380952380952381,0.11619047619047619,0.01904761904761905,True,184.41,526.0
2022,23697,julio rodriguez,Julio Rodriguez,SEA,0.071,0.259,0.371,0.7140000000000001,0.502,0.586,0.8190000000000001,0.7120000000000001,0.14400000000000002,92.0,117.2,0.507,0.131,0.374,10.1,0.46,0.35700000000000004,0.183,0.41700000000000004,0.35100000000000003,0.23199999999999998,30.5,560.0,21.0,2023,32,102,103,37,0.27522935779816515,714,0.04481792717086835,0.14285714285714285,0.14425770308123248,0.05182072829131653,True,159.38,643.0
2022,11737,nick castellanos,Nick Castellanos,PHI,0.052000000000000005,0.233,0.436,0.779,0.57,0.5479999999999999,0.835,0.7020000000000001,0.17,87.5,110.1,0.35100000000000003,0.066,0.374,14.6,0.419,0.381,0.19899999999999998,0.374,0.313,0.313,30.5,558.0,30.0,2023,29,79,106,11,0.2715654952076677,671,0.043219076005961254,0.11773472429210134,0.15797317436661698,0.01639344262295082,True,146.53,707.0
2022,16578,yandy diaz,Yandy Diaz,TBR,0.14,0.10800000000000001,0.231,0.657,0.413,0.74,0.932,0.871,0.053,92.2,114.3,0.49,0.048,0.374,7.7,0.498,0.316,0.18600000000000003,0.304,0.377,0.319,30.5,558.0,30.0,2023,22,95,78,0,0.3295238095238095,600,0.03666666666666667,0.15833333333333333,0.13,0.0,True,223.93,566.0
2022,13613,ketel marte,Ketel Marte,ARI,0.099,0.18100000000000002,0.307,0.685,0.46,0.7340000000000001,0.863,0.8109999999999999,0.087,90.1,115.0,0.419,0.061,0.374,13.4,0.423,0.39,0.187,0.444,0.34600000000000003,0.21,30.5,558.0,28.0,2023,25,94,82,8,0.2759226713532513,650,0.038461538461538464,0.14461538461538462,0.12615384615384614,0.012307692307692308,True,191.0,625.0
2022,21636,jeremy pena,Jeremy Pena,HOU,0.039,0.242,0.41,0.7659999999999999,0.547,0.527,0.873,0.7140000000000001,0.157,88.1,110.5,0.365,0.096,0.374,8.7,0.46399999999999997,0.32899999999999996,0.207,0.46399999999999997,0.309,0.22699999999999998,30.5,558.0,24.0,2023,10,81,52,13,0.2634315424610052,634,0.015772870662460567,0.1277602523659306,0.08201892744479496,0.02050473186119874,True,141.29,673.0
2022,14854,mike yastrzemski,Mike Yastrzemski,SFG,0.109,0.253,0.254,0.64,0.42200000000000004,0.616,0.885,0.794,0.087,89.9,109.7,0.425,0.111,0.374,19.9,0.344,0.462,0.19399999999999998,0.447,0.322,0.231,30.5,558.0,31.0,2023,15,54,43,2,0.23333333333333334,381,0.03937007874015748,0.14173228346456693,0.11286089238845144,0.005249343832020997,True,193.74,612.0
2022,14894,tony kemp,Tony Kemp,OAK,0.081,0.124,0.33,0.682,0.484,0.797,0.9359999999999999,0.883,0.057,84.4,103.2,0.149,0.016,0.374,15.0,0.41,0.38799999999999996,0.20199999999999999,0.429,0.34600000000000003,0.225,30.5,558.0,30.0,2023,5,42,27,15,0.20891364902506965,419,0.011933174224343675,0.10023866348448687,0.06443914081145585,0.03579952267303103,True,193.01,493.0
2022,19950,andres gimenez,Andres Gimenez,CLE,0.061,0.201,0.408,0.703,0.525,0.655,0.8390000000000001,0.753,0.13,87.8,109.9,0.37799999999999995,0.062,0.374,11.7,0.462,0.327,0.21100000000000002,0.409,0.358,0.233,30.5,557.0,23.0,2023,15,76,62,30,0.2513464991023339,616,0.024350649350649352,0.12337662337662338,0.10064935064935066,0.048701298701298704,True,159.8,637.0
2022,26197,andrew vaughn,Andrew Vaughn,CHW,0.055999999999999994,0.17300000000000001,0.355,0.632,0.47,0.6940000000000001,0.898,0.8079999999999999,0.09,90.8,112.1,0.484,0.079,0.374,7.4,0.47700000000000004,0.341,0.18100000000000002,0.353,0.37200000000000005,0.27399999999999997,30.5,555.0,24.0,2023,21,67,80,0,0.2579505300353357,615,0.03414634146341464,0.10894308943089431,0.13008130081300814,0.0,True,165.61,649.0
2022,18171,seth brown,Seth Brown,OAK,0.092,0.263,0.32899999999999996,0.7070000000000001,0.48100000000000004,0.541,0.858,0.7290000000000001,0.131,89.2,112.9,0.414,0.13,0.374,15.7,0.359,0.441,0.201,0.423,0.344,0.23399999999999999,30.5,555.0,29.0,2023,14,33,52,3,0.22157434402332363,378,0.037037037037037035,0.0873015873015873,0.13756613756613756,0.007936507936507936,True,172.44,493.0
2022,10681,gio urshela,Gio Urshela,MIN,0.07400000000000001,0.174,0.397,0.72,0.531,0.731,0.8759999999999999,0.812,0.1,88.9,110.3,0.376,0.07,0.374,11.8,0.425,0.34700000000000003,0.228,0.359,0.376,0.265,30.5,551.0,30.0,2023,2,22,24,3,0.29906542056074764,228,0.008771929824561403,0.09649122807017543,0.10526315789473684,0.013157894736842105,True,175.0,684.0
2022,11281,whit merrifield,Whit Merrifield,- - -,0.069,0.155,0.35,0.715,0.505,0.738,0.875,0.82,0.091,87.1,107.6,0.311,0.042,0.374,15.1,0.409,0.39399999999999996,0.19699999999999998,0.361,0.35100000000000003,0.28800000000000003,30.5,550.0,33.0,2023,11,66,67,26,0.27239488117001825,592,0.018581081081081082,0.11148648648648649,0.11317567567567567,0.04391891891891892,True,173.25,673.0
2022,15998,cody bellinger,Cody Bellinger,LAD,0.069,0.273,0.345,0.705,0.498,0.6859999999999999,0.809,0.76,0.12,89.4,107.3,0.381,0.083,0.374,20.3,0.35600000000000004,0.47200000000000003,0.172,0.47200000000000003,0.33299999999999996,0.19399999999999998,30.5,550.0,26.0,2023,26,95,97,20,0.3066132264529058,556,0.046762589928057555,0.17086330935251798,0.17446043165467626,0.03597122302158273,True,163.35,782.0
2022,3473,anthony rizzo,Anthony Rizzo,NYY,0.106,0.184,0.321,0.6559999999999999,0.45899999999999996,0.6509999999999999,0.8809999999999999,0.787,0.098,89.4,113.3,0.41,0.109,0.374,19.3,0.332,0.493,0.175,0.48100000000000004,0.295,0.22399999999999998,30.5,548.0,32.0,2023,12,45,41,0,0.24396782841823056,421,0.028503562945368172,0.10688836104513064,0.09738717339667459,0.0,True,187.47,749.0
2022,16939,lane thomas,Lane Thomas,WSN,0.075,0.24100000000000002,0.295,0.633,0.441,0.687,0.89,0.813,0.083,86.4,110.1,0.345,0.065,0.374,12.5,0.45,0.377,0.17300000000000001,0.434,0.345,0.221,30.5,548.0,26.0,2023,28,101,86,20,0.267515923566879,682,0.04105571847507331,0.14809384164222875,0.12609970674486803,0.02932551319648094,True,174.76,419.0
2022,13590,jesse winker,Jesse Winker,SEA,0.154,0.188,0.223,0.72,0.43200000000000005,0.648,0.883,0.813,0.081,87.7,110.0,0.34299999999999997,0.076,0.374,16.9,0.389,0.406,0.20600000000000002,0.385,0.35700000000000004,0.258,30.5,547.0,28.0,2023,1,16,23,0,0.19879518072289157,197,0.005076142131979695,0.08121827411167512,0.116751269035533,0.0,True,217.65,643.0
2022,5038,josh donaldson,Josh Donaldson,NYY,0.099,0.271,0.327,0.691,0.473,0.589,0.755,0.6859999999999999,0.14800000000000002,90.7,111.7,0.43200000000000005,0.098,0.374,12.0,0.43200000000000005,0.387,0.182,0.467,0.363,0.17,30.5,546.0,36.0,2023,13,18,26,0,0.15151515151515152,189,0.06878306878306878,0.09523809523809523,0.13756613756613756,0.0,True,166.42,749.0
2022,11445,mark canha,Mark Canha,NYM,0.08900000000000001,0.179,0.27699999999999997,0.633,0.428,0.732,0.8420000000000001,0.8009999999999999,0.085,87.7,108.0,0.366,0.049,0.374,10.9,0.45299999999999996,0.34700000000000003,0.201,0.41700000000000004,0.295,0.287,30.5,542.0,33.0,2023,11,51,62,11,0.2620689655172414,507,0.021696252465483234,0.10059171597633136,0.1222879684418146,0.021696252465483234,True,178.48,688.0
2022,6153,eduardo escobar,Eduardo Escobar,NYM,0.07400000000000001,0.23800000000000002,0.381,0.747,0.524,0.643,0.847,0.757,0.127,88.3,111.5,0.376,0.094,0.374,20.6,0.298,0.473,0.228,0.43,0.355,0.215,30.5,542.0,33.0,2023,6,32,31,2,0.22569444444444445,309,0.019417475728155338,0.10355987055016182,0.10032362459546926,0.006472491909385114,True,163.2,688.0
2022,16426,thairo estrada,Thairo Estrada,SFG,0.061,0.165,0.355,0.687,0.48700000000000004,0.6920000000000001,0.9079999999999999,0.813,0.091,86.2,109.3,0.311,0.044000000000000004,0.374,8.2,0.505,0.295,0.19899999999999998,0.449,0.33299999999999996,0.217,30.5,541.0,26.0,2023,14,63,49,23,0.27070707070707073,530,0.026415094339622643,0.11886792452830189,0.09245283018867924,0.04339622641509434,True,164.95,612.0
2022,22581,alejandro kirk,Alejandro Kirk,TOR,0.11599999999999999,0.107,0.263,0.619,0.41,0.774,0.909,0.858,0.057999999999999996,90.5,110.1,0.45399999999999996,0.067,0.374,8.1,0.5,0.308,0.192,0.353,0.35100000000000003,0.29600000000000004,30.5,541.0,23.0,2023,8,34,43,0,0.25,422,0.018957345971563982,0.08056872037914692,0.1018957345971564,0.0,True,202.01,724.0
2022,9874,dj lemahieu,DJ LeMahieu,NYY,0.124,0.131,0.276,0.547,0.39399999999999996,0.8029999999999999,0.92,0.8740000000000001,0.05,89.2,110.9,0.409,0.053,0.374,3.0,0.5329999999999999,0.28300000000000003,0.184,0.258,0.38299999999999995,0.358,30.5,541.0,33.0,2023,15,55,44,2,0.24346076458752516,562,0.026690391459074734,0.09786476868327403,0.07829181494661921,0.0035587188612099642,True,208.93,749.0
2022,10243,randal grichuk,Randal Grichuk,COL,0.045,0.23600000000000002,0.369,0.715,0.506,0.621,0.889,0.7709999999999999,0.11599999999999999,90.0,111.6,0.436,0.068,0.374,8.7,0.509,0.36200000000000004,0.129,0.373,0.36200000000000004,0.265,30.5,538.0,30.0,2023,16,65,44,2,0.2672811059907834,471,0.03397027600849257,0.13800424628450106,0.09341825902335456,0.004246284501061571,True,148.65,698.0
2022,13066,teoscar hernandez,Teoscar Hernandez,TOR,0.064,0.284,0.336,0.716,0.489,0.512,0.7979999999999999,0.6809999999999999,0.156,92.6,114.1,0.5329999999999999,0.15,0.374,11.6,0.441,0.34299999999999997,0.21600000000000003,0.42100000000000004,0.326,0.254,30.5,535.0,29.0,2023,26,70,93,7,0.2576,678,0.038348082595870206,0.10324483775811209,0.13716814159292035,0.01032448377581121,True,143.54,724.0
2022,22197,mj melendez,MJ Melendez,KCR,0.124,0.245,0.278,0.687,0.446,0.627,0.813,0.745,0.114,90.7,110.8,0.435,0.10400000000000001,0.374,15.1,0.39,0.408,0.20199999999999999,0.449,0.324,0.226,30.5,534.0,23.0,2023,16,65,56,6,0.23452157598499063,602,0.026578073089700997,0.1079734219269103,0.09302325581395349,0.009966777408637873,True,185.57,507.0
2022,13602,patrick wisdom,Patrick Wisdom,CHC,0.099,0.34299999999999997,0.3,0.7340000000000001,0.48,0.48100000000000004,0.77,0.664,0.161,90.7,112.6,0.46,0.142,0.374,21.0,0.341,0.488,0.171,0.512,0.294,0.19399999999999998,30.5,534.0,30.0,2023,23,43,46,4,0.20522388059701493,302,0.076158940397351,0.1423841059602649,0.152317880794702,0.013245033112582781,True,159.24,598.0
2022,18401,ronald acuna,Ronald Acuna Jr.,ATL,0.099,0.23600000000000002,0.285,0.762,0.479,0.669,0.83,0.773,0.109,91.2,116.6,0.49700000000000005,0.128,0.374,10.8,0.47700000000000004,0.34,0.183,0.445,0.35200000000000004,0.203,30.5,533.0,24.0,2023,41,149,106,73,0.33748055987558323,735,0.055782312925170066,0.20272108843537415,0.14421768707482993,0.09931972789115646,True,176.37,765.0
2022,17273,jorge mateo,Jorge Mateo,BAL,0.051,0.276,0.39399999999999996,0.728,0.531,0.55,0.836,0.71,0.154,86.8,111.3,0.325,0.059000000000000004,0.374,14.8,0.38299999999999995,0.414,0.203,0.366,0.355,0.278,30.5,533.0,27.0,2023,7,58,34,32,0.2169811320754717,350,0.02,0.1657142857142857,0.09714285714285714,0.09142857142857143,True,140.71,630.0
2022,5235,justin turner,Justin Turner,LAD,0.094,0.16699999999999998,0.313,0.725,0.483,0.7340000000000001,0.867,0.816,0.08900000000000001,89.5,108.9,0.406,0.08,0.374,18.4,0.32,0.434,0.245,0.359,0.349,0.292,30.5,532.0,37.0,2023,23,86,96,4,0.27598566308243727,626,0.036741214057507986,0.13738019169329074,0.15335463258785942,0.006389776357827476,True,180.24,782.0
2022,16512,isiah kiner falefa,Isiah Kiner-Falefa,NYY,0.066,0.136,0.331,0.596,0.447,0.818,0.956,0.898,0.045,86.2,109.8,0.301,0.012,0.374,4.3,0.5489999999999999,0.243,0.209,0.353,0.358,0.289,30.5,531.0,27.0,2023,6,39,37,14,0.24233128834355827,361,0.01662049861495845,0.10803324099722991,0.10249307479224377,0.038781163434903045,True,178.1,749.0
2022,9256,aj pollock,A.J. Pollock,CHW,0.061,0.18600000000000003,0.379,0.7609999999999999,0.536,0.636,0.882,0.78,0.11800000000000001,88.8,110.8,0.42,0.094,0.374,11.7,0.452,0.358,0.19,0.43799999999999994,0.32899999999999996,0.233,30.5,527.0,34.0,2023,5,15,15,0,0.16541353383458646,144,0.034722222222222224,0.10416666666666667,0.10416666666666667,0.0,True,155.46,649.0
2022,18564,trent grisham,Trent Grisham,SDP,0.109,0.28600000000000003,0.23,0.581,0.379,0.634,0.8220000000000001,0.757,0.092,88.3,111.1,0.355,0.081,0.374,15.1,0.433,0.433,0.135,0.46799999999999997,0.284,0.248,30.5,524.0,25.0,2023,13,67,50,15,0.19829424307036247,555,0.023423423423423424,0.12072072072072072,0.09009009009009009,0.02702702702702703,True,176.12,531.0
2022,15464,hunter renfroe,Hunter Renfroe,MIL,0.075,0.23199999999999998,0.344,0.6759999999999999,0.47700000000000004,0.636,0.84,0.752,0.11800000000000001,90.5,112.5,0.436,0.109,0.374,17.7,0.361,0.465,0.175,0.441,0.324,0.235,30.5,522.0,30.0,2023,20,60,60,0,0.23293172690763053,548,0.0364963503649635,0.10948905109489052,0.10948905109489052,0.0,True,156.91,721.0
2022,17901,andrew benintendi,Andrew Benintendi,- - -,0.1,0.14800000000000002,0.27899999999999997,0.7490000000000001,0.48100000000000004,0.7340000000000001,0.855,0.815,0.08900000000000001,89.2,109.8,0.387,0.051,0.374,12.6,0.434,0.345,0.221,0.305,0.41,0.285,30.5,521.0,27.0,2023,5,72,45,13,0.2615658362989324,621,0.008051529790660225,0.11594202898550725,0.07246376811594203,0.020933977455716585,True,179.48,673.0
2022,21479,nico hoerner,Nico Hoerner,CHC,0.054000000000000006,0.11,0.36200000000000004,0.6709999999999999,0.491,0.77,0.9390000000000001,0.866,0.066,87.2,109.7,0.331,0.026000000000000002,0.374,10.6,0.461,0.332,0.207,0.364,0.33799999999999997,0.298,30.5,517.0,25.0,2023,9,98,68,43,0.2827140549273021,688,0.01308139534883721,0.14244186046511628,0.09883720930232558,0.0625,True,162.23,598.0
2022,19858,luis rengifo,Luis Rengifo,LAA,0.033,0.155,0.39899999999999997,0.7859999999999999,0.557,0.6890000000000001,0.877,0.797,0.113,86.9,109.3,0.336,0.054000000000000006,0.374,9.9,0.47200000000000003,0.35,0.17800000000000002,0.409,0.42100000000000004,0.17,30.5,511.0,25.0,2023,16,55,51,6,0.2639593908629442,445,0.035955056179775284,0.12359550561797752,0.1146067415730337,0.01348314606741573,True,139.04,561.0
2022,11265,jonathan schoop,Jonathan Schoop,DET,0.037000000000000005,0.21,0.408,0.768,0.555,0.611,0.856,0.7490000000000001,0.139,87.0,111.6,0.386,0.048,0.374,9.7,0.46,0.349,0.19,0.39899999999999997,0.397,0.204,30.5,510.0,30.0,2023,0,15,7,0,0.21323529411764705,151,0.0,0.09933774834437085,0.046357615894039736,0.0,True,133.47,533.0
2022,19734,josh rojas,Josh Rojas,ARI,0.10800000000000001,0.192,0.225,0.6509999999999999,0.408,0.682,0.852,0.799,0.08199999999999999,88.8,109.1,0.361,0.045,0.374,11.9,0.41600000000000004,0.35200000000000004,0.233,0.327,0.355,0.318,30.5,510.0,28.0,2023,4,47,40,12,0.24522292993630573,350,0.011428571428571429,0.13428571428571429,0.11428571428571428,0.03428571428571429,True,177.33,625.0
2022,2434,nelson cruz,Nelson Cruz,WSN,0.09699999999999999,0.235,0.35200000000000004,0.748,0.507,0.5710000000000001,0.8009999999999999,0.7040000000000001,0.15,90.9,113.8,0.457,0.09300000000000001,0.374,7.2,0.524,0.28300000000000003,0.193,0.35200000000000004,0.361,0.28600000000000003,30.5,507.0,41.0,2023,5,9,23,1,0.24475524475524477,152,0.03289473684210526,0.05921052631578947,0.1513157894736842,0.006578947368421052,True,156.26,419.0
2022,10324,marcell ozuna,Marcell Ozuna,ATL,0.061,0.24100000000000002,0.361,0.6990000000000001,0.494,0.5820000000000001,0.8490000000000001,0.731,0.133,89.4,113.9,0.43799999999999994,0.131,0.374,16.5,0.37799999999999995,0.435,0.188,0.446,0.344,0.21,30.5,507.0,31.0,2023,40,84,100,0,0.27358490566037735,592,0.06756756756756757,0.14189189189189189,0.16891891891891891,0.0,True,142.11,765.0
2022,7802,miguel rojas,Miguel Rojas,MIA,0.051,0.12,0.344,0.6679999999999999,0.47600000000000003,0.7090000000000001,0.9590000000000001,0.852,0.07,86.1,109.1,0.271,0.019,0.374,10.1,0.47,0.322,0.20800000000000002,0.345,0.341,0.314,30.5,507.0,33.0,2023,5,49,31,8,0.23636363636363636,423,0.01182033096926714,0.11583924349881797,0.07328605200945626,0.018912529550827423,True,155.45,520.0
2022,11342,jesus aguilar,Jesus Aguilar,- - -,0.055,0.235,0.389,0.657,0.49200000000000005,0.645,0.847,0.7490000000000001,0.124,87.8,108.1,0.36,0.067,0.374,18.9,0.309,0.451,0.24,0.371,0.38,0.249,30.5,507.0,32.0,2023,5,8,9,0,0.22115384615384615,115,0.043478260869565216,0.06956521739130435,0.0782608695652174,0.0,True,141.81,673.0
2022,2396,carlos santana,Carlos Santana,- - -,0.14,0.174,0.257,0.6659999999999999,0.426,0.7040000000000001,0.8590000000000001,0.805,0.083,90.7,111.3,0.449,0.09300000000000001,0.374,15.4,0.392,0.439,0.16899999999999998,0.484,0.33299999999999996,0.183,30.5,506.0,36.0,2023,23,78,86,6,0.24,619,0.03715670436187399,0.1260096930533118,0.13893376413570274,0.009693053311793215,True,193.04,673.0
2022,9241,starling marte,Starling Marte,NYM,0.051,0.192,0.36,0.685,0.493,0.6559999999999999,0.8759999999999999,0.7809999999999999,0.10800000000000001,86.8,113.3,0.33899999999999997,0.068,0.374,7.5,0.49,0.289,0.221,0.425,0.336,0.23800000000000002,30.5,505.0,33.0,2023,5,38,28,24,0.24761904761904763,341,0.01466275659824047,0.11143695014662756,0.08211143695014662,0.07038123167155426,True,144.08,688.0
2022,22799,geraldo perdomo,Geraldo Perdomo,ARI,0.1,0.20600000000000002,0.24,0.599,0.401,0.71,0.883,0.826,0.07,85.0,104.7,0.251,0.02,0.374,12.2,0.467,0.319,0.215,0.409,0.35100000000000003,0.24,30.5,500.0,22.0,2023,6,71,47,16,0.2457002457002457,495,0.012121212121212121,0.14343434343434344,0.09494949494949495,0.03232323232323232,True,173.9,625.0
2022,10155,mike trout,Mike Trout,LAA,0.10800000000000001,0.27899999999999997,0.263,0.679,0.434,0.607,0.7959999999999999,0.7290000000000001,0.11800000000000001,91.6,114.4,0.51,0.19699999999999998,0.374,24.6,0.247,0.5670000000000001,0.187,0.41700000000000004,0.313,0.27,30.5,499.0,30.0,2023,18,54,44,2,0.262987012987013,362,0.049723756906077346,0.14917127071823205,0.12154696132596685,0.0055248618784530384,True,163.02,561.0
2022,18839,josh naylor,Josh Naylor,CLE,0.076,0.161,0.375,0.7340000000000001,0.51,0.725,0.889,0.8140000000000001,0.095,89.4,113.0,0.428,0.086,0.374,10.3,0.489,0.337,0.174,0.452,0.342,0.20600000000000002,30.5,498.0,25.0,2023,17,52,97,10,0.3075221238938053,495,0.03434343434343434,0.10505050505050505,0.19595959595959597,0.020202020202020204,True,159.46,637.0
2022,12532,kolten wong,Kolten Wong,MIL,0.09300000000000001,0.177,0.249,0.6579999999999999,0.426,0.659,0.882,0.8079999999999999,0.08199999999999999,87.0,109.7,0.355,0.054000000000000006,0.374,14.0,0.418,0.368,0.213,0.45299999999999996,0.292,0.255,30.5,497.0,31.0,2023,4,25,27,3,0.18303571428571427,250,0.016,0.1,0.108,0.012,True,166.69,721.0
2022,19238,lourdes gurriel,Lourdes Gurriel Jr.,TOR,0.063,0.168,0.33399999999999996,0.6990000000000001,0.486,0.69,0.8759999999999999,0.8009999999999999,0.09699999999999999,90.6,109.5,0.456,0.038,0.374,10.9,0.446,0.317,0.237,0.379,0.344,0.27699999999999997,30.5,493.0,28.0,2023,24,65,82,5,0.2613430127041742,592,0.04054054054054054,0.1097972972972973,0.13851351351351351,0.008445945945945946,True,149.53,724.0
2022,19997,santiago espinal,Santiago Espinal,TOR,0.073,0.138,0.29600000000000004,0.682,0.45899999999999996,0.764,0.9129999999999999,0.857,0.065,86.1,107.5,0.317,0.034,0.374,14.1,0.429,0.34,0.23,0.4,0.364,0.23600000000000002,30.5,491.0,27.0,2023,2,30,25,2,0.24782608695652175,254,0.007874015748031496,0.11811023622047244,0.0984251968503937,0.007874015748031496,True,162.08,724.0
2022,2136,david peralta,David Peralta,- - -,0.084,0.233,0.358,0.7090000000000001,0.503,0.59,0.873,0.755,0.12300000000000001,90.3,113.0,0.444,0.085,0.374,15.1,0.363,0.41100000000000003,0.22699999999999998,0.39,0.39299999999999996,0.218,30.5,490.0,34.0,2023,7,47,55,4,0.25888324873096447,422,0.016587677725118485,0.11137440758293839,0.13033175355450238,0.009478672985781991,True,152.15,673.0
2022,20126,dylan carlson,Dylan Carlson,STL,0.092,0.193,0.278,0.7140000000000001,0.46,0.648,0.84,0.772,0.105,86.1,109.2,0.272,0.044000000000000004,0.374,12.9,0.423,0.37,0.207,0.368,0.371,0.26,30.5,488.0,23.0,2023,5,27,27,3,0.2191780821917808,255,0.0196078431372549,0.10588235294117647,0.10588235294117647,0.011764705882352941,True,157.92,717.0
2022,11609,willson contreras,Willson Contreras,CHC,0.092,0.21100000000000002,0.354,0.738,0.505,0.57,0.8240000000000001,0.716,0.14400000000000002,90.4,116.2,0.479,0.105,0.374,8.5,0.514,0.33,0.156,0.444,0.317,0.23800000000000002,30.5,487.0,30.0,2023,20,55,67,6,0.26401869158878505,495,0.04040404040404041,0.1111111111111111,0.13535353535353536,0.012121212121212121,True,149.41,598.0
2022,20538,jose miranda,Jose Miranda,MIN,0.057999999999999996,0.188,0.37200000000000005,0.735,0.515,0.638,0.882,0.775,0.11599999999999999,89.3,109.4,0.424,0.062,0.374,13.8,0.42100000000000004,0.376,0.203,0.46,0.314,0.226,30.5,483.0,24.0,2023,3,12,13,0,0.2112676056338028,152,0.019736842105263157,0.07894736842105263,0.08552631578947369,0.0,True,140.31,684.0
2022,19339,nicky lopez,Nicky Lopez,KCR,0.06,0.131,0.335,0.6779999999999999,0.484,0.7809999999999999,0.888,0.846,0.07400000000000001,84.9,106.7,0.22899999999999998,0.016,0.374,4.9,0.542,0.247,0.21100000000000002,0.294,0.38299999999999995,0.32299999999999995,30.5,480.0,27.0,2023,1,32,25,6,0.2311111111111111,262,0.003816793893129771,0.12213740458015267,0.09541984732824428,0.022900763358778626,True,150.62,507.0
2022,5254,robbie grossman,Robbie Grossman,- - -,0.11699999999999999,0.27,0.24,0.636,0.409,0.599,0.865,0.7759999999999999,0.092,86.7,105.8,0.304,0.035,0.374,21.1,0.312,0.446,0.242,0.49,0.311,0.19899999999999998,30.5,477.0,32.0,2023,10,56,49,1,0.23796033994334279,420,0.023809523809523808,0.13333333333333333,0.11666666666666667,0.002380952380952381,True,166.85,673.0
2022,7304,salvador perez,Salvador Perez,KCR,0.038,0.23,0.457,0.785,0.574,0.608,0.809,0.706,0.16899999999999998,91.4,112.5,0.49,0.11199999999999999,0.374,17.8,0.36,0.46,0.18,0.45399999999999996,0.327,0.218,30.5,473.0,32.0,2023,23,59,80,0,0.25464684014869887,580,0.039655172413793106,0.10172413793103448,0.13793103448275862,0.0,True,118.16,507.0
2022,24655,owen miller,Owen Miller,CLE,0.068,0.19699999999999998,0.374,0.637,0.479,0.767,0.9,0.838,0.078,85.8,109.1,0.312,0.035,0.374,10.1,0.43200000000000005,0.33799999999999997,0.22899999999999998,0.371,0.38799999999999996,0.24100000000000002,30.5,472.0,25.0,2023,5,29,27,13,0.2611683848797251,314,0.01592356687898089,0.09235668789808917,0.08598726114649681,0.041401273885350316,True,150.76,637.0
2022,12282,rougned odor,Rougned Odor,BAL,0.068,0.231,0.349,0.727,0.501,0.614,0.848,0.7509999999999999,0.125,87.8,109.7,0.33299999999999996,0.065,0.374,21.5,0.315,0.49,0.19399999999999998,0.445,0.358,0.196,30.5,472.0,28.0,2023,4,21,18,2,0.2028985507246377,157,0.025477707006369428,0.1337579617834395,0.11464968152866242,0.012738853503184714,True,138.44,630.0
2022,16622,luis urias,Luis Urias,MIL,0.106,0.21,0.265,0.652,0.43200000000000005,0.752,0.8270000000000001,0.8,0.086,87.3,109.7,0.353,0.083,0.374,18.0,0.365,0.433,0.20199999999999999,0.46799999999999997,0.311,0.221,30.5,472.0,25.0,2023,3,18,18,0,0.19444444444444445,177,0.01694915254237288,0.1016949152542373,0.1016949152542373,0.0,True,163.31,721.0
2022,11442,gary sanchez,Gary Sanchez,MIN,0.085,0.289,0.326,0.607,0.44,0.56,0.843,0.7190000000000001,0.124,90.5,115.1,0.493,0.135,0.374,14.0,0.43799999999999994,0.41700000000000004,0.146,0.5,0.28800000000000003,0.212,30.5,471.0,29.0,2023,19,33,47,0,0.21666666666666667,267,0.07116104868913857,0.12359550561797752,0.1760299625468165,0.0,True,141.63,684.0
2022,26288,adley rutschman,Adley Rutschman,BAL,0.138,0.183,0.254,0.6409999999999999,0.405,0.73,0.915,0.8440000000000001,0.063,87.9,110.9,0.368,0.079,0.374,15.5,0.384,0.384,0.23199999999999998,0.43799999999999994,0.359,0.203,30.5,470.0,24.0,2023,20,84,80,1,0.27721088435374147,687,0.02911208151382824,0.1222707423580786,0.11644832605531295,0.001455604075691412,True,183.86,630.0
2022,15279,garrett cooper,Garrett Cooper,MIA,0.085,0.254,0.317,0.647,0.452,0.6409999999999999,0.879,0.78,0.099,89.6,112.6,0.43700000000000006,0.107,0.374,8.8,0.44299999999999995,0.293,0.263,0.39299999999999996,0.33,0.27699999999999997,30.5,469.0,31.0,2023,17,42,61,0,0.25118483412322273,457,0.037199124726477024,0.09190371991247265,0.13347921225382933,0.0,True,149.61,520.0
2022,24679,brendan donovan,Brendan Donovan,STL,0.128,0.15,0.23199999999999998,0.575,0.37799999999999995,0.721,0.929,0.856,0.054000000000000006,87.7,107.0,0.377,0.034,0.374,6.0,0.528,0.23600000000000002,0.23600000000000002,0.355,0.34299999999999997,0.302,30.5,468.0,25.0,2023,11,48,34,5,0.28440366972477066,371,0.029649595687331536,0.1293800539083558,0.09164420485175202,0.013477088948787063,True,180.09,717.0
2022,13621,jeimer candelario,Jeimer Candelario,DET,0.06,0.233,0.368,0.762,0.523,0.649,0.862,0.7709999999999999,0.12,87.2,111.3,0.34600000000000003,0.083,0.374,13.5,0.41700000000000004,0.395,0.188,0.395,0.35200000000000004,0.253,30.5,467.0,28.0,2023,22,77,70,8,0.2514851485148515,576,0.03819444444444445,0.13368055555555555,0.12152777777777778,0.013888888888888888,True,136.04,533.0
2022,16572,connor joe,Connor Joe,COL,0.11800000000000001,0.20800000000000002,0.259,0.596,0.40399999999999997,0.654,0.899,0.81,0.077,85.3,110.1,0.33799999999999997,0.045,0.374,10.6,0.46399999999999997,0.32799999999999996,0.20800000000000002,0.364,0.38,0.256,30.5,467.0,29.0,2023,11,63,42,3,0.2469733656174334,472,0.023305084745762712,0.13347457627118645,0.08898305084745763,0.006355932203389831,True,168.59,698.0
2022,26294,bryson stott,Bryson Stott,PHI,0.077,0.191,0.313,0.619,0.44799999999999995,0.784,0.894,0.851,0.067,88.1,108.4,0.368,0.044000000000000004,0.374,13.1,0.46399999999999997,0.36,0.17600000000000002,0.359,0.324,0.318,30.5,466.0,24.0,2023,15,78,62,31,0.28034188034188035,640,0.0234375,0.121875,0.096875,0.0484375,True,154.85,707.0
2022,22458,taylor walls,Taylor Walls,TBR,0.11199999999999999,0.258,0.239,0.6629999999999999,0.426,0.652,0.815,0.764,0.10099999999999999,86.3,105.7,0.284,0.062,0.374,16.6,0.373,0.418,0.209,0.375,0.33,0.29600000000000004,30.5,466.0,25.0,2023,8,50,36,22,0.20132013201320131,349,0.022922636103151862,0.14326647564469913,0.10315186246418338,0.06303724928366762,True,159.0,566.0
2022,14130,daniel vogelbach,Daniel Vogelbach,- - -,0.158,0.247,0.22899999999999998,0.46299999999999997,0.322,0.701,0.9009999999999999,0.815,0.059000000000000004,89.4,110.9,0.39899999999999997,0.106,0.374,15.8,0.377,0.41,0.212,0.40299999999999997,0.359,0.23800000000000002,30.5,461.0,29.0,2023,13,33,48,0,0.23272727272727273,319,0.04075235109717868,0.10344827586206896,0.15047021943573669,0.0,True,185.55,673.0
2022,20202,brandon marsh,Brandon Marsh,- - -,0.061,0.34299999999999997,0.337,0.67,0.47600000000000003,0.603,0.8140000000000001,0.727,0.13,89.2,109.0,0.382,0.07400000000000001,0.374,10.9,0.426,0.32799999999999996,0.245,0.349,0.386,0.265,30.5,461.0,24.0,2023,12,58,60,10,0.27722772277227725,472,0.025423728813559324,0.1228813559322034,0.1271186440677966,0.0211864406779661,True,128.67,673.0
2022,5343,brandon crawford,Brandon Crawford,SFG,0.085,0.214,0.304,0.778,0.506,0.5329999999999999,0.789,0.701,0.151,88.1,109.0,0.35100000000000003,0.067,0.374,12.3,0.466,0.35700000000000004,0.177,0.38,0.38,0.24,30.5,458.0,35.0,2023,7,31,38,3,0.19434628975265017,320,0.021875,0.096875,0.11875,0.009375,True,135.25,612.0
2022,11489,michael a taylor,Michael A. Taylor,KCR,0.077,0.239,0.35200000000000004,0.7390000000000001,0.507,0.56,0.847,0.728,0.138,86.3,109.4,0.32899999999999996,0.068,0.374,12.1,0.409,0.415,0.17600000000000002,0.406,0.332,0.261,30.5,456.0,31.0,2023,21,48,51,13,0.21971830985915494,388,0.05412371134020619,0.12371134020618557,0.13144329896907217,0.03350515463917526,True,134.7,507.0
2022,18607,jared walsh,Jared Walsh,LAA,0.059000000000000004,0.304,0.33399999999999996,0.675,0.49,0.601,0.8290000000000001,0.745,0.125,90.1,112.1,0.425,0.095,0.374,10.7,0.45399999999999996,0.365,0.18100000000000002,0.42100000000000004,0.354,0.225,30.5,454.0,28.0,2023,4,10,11,0,0.125,116,0.034482758620689655,0.08620689655172414,0.09482758620689655,0.0,True,128.26,561.0
2022,13757,chris taylor,Chris Taylor,LAD,0.09699999999999999,0.35200000000000004,0.273,0.7829999999999999,0.499,0.392,0.722,0.621,0.18899999999999997,87.4,108.5,0.38,0.102,0.374,20.4,0.31,0.426,0.264,0.441,0.31,0.249,30.5,454.0,31.0,2023,15,51,56,16,0.23668639053254437,384,0.0390625,0.1328125,0.14583333333333334,0.041666666666666664,True,128.62,782.0
2022,5297,aaron hicks,Aaron Hicks,NYY,0.13699999999999998,0.24100000000000002,0.237,0.645,0.408,0.608,0.838,0.76,0.098,87.9,109.6,0.331,0.057999999999999996,0.374,14.8,0.444,0.39299999999999996,0.16399999999999998,0.475,0.27,0.255,30.5,453.0,32.0,2023,8,44,36,6,0.2527881040892193,312,0.02564102564102564,0.14102564102564102,0.11538461538461539,0.019230769230769232,True,165.34,749.0
2022,4949,giancarlo stanton,Giancarlo Stanton,NYY,0.111,0.303,0.307,0.626,0.431,0.547,0.747,0.66,0.147,95.0,119.8,0.521,0.192,0.374,10.8,0.466,0.386,0.14800000000000002,0.35600000000000004,0.38299999999999995,0.261,30.5,452.0,32.0,2023,24,43,60,0,0.19137466307277629,415,0.05783132530120482,0.10361445783132531,0.14457831325301204,0.0,True,139.67,749.0
2022,16930,jonah heim,Jonah Heim,TEX,0.091,0.193,0.32899999999999996,0.755,0.506,0.6920000000000001,0.88,0.809,0.09699999999999999,89.3,112.4,0.39899999999999997,0.069,0.374,17.0,0.391,0.434,0.175,0.517,0.324,0.159,30.5,450.0,27.0,2023,18,61,95,2,0.25820568927789933,501,0.03592814371257485,0.1217564870259481,0.18962075848303392,0.003992015968063872,True,150.16,687.0
2022,12144,max kepler,Max Kepler,MIN,0.11,0.14800000000000002,0.27399999999999997,0.7170000000000001,0.46,0.6629999999999999,0.909,0.8240000000000001,0.081,89.1,113.8,0.39899999999999997,0.071,0.374,11.2,0.457,0.344,0.19899999999999998,0.451,0.331,0.218,30.5,446.0,29.0,2023,24,72,66,1,0.2602739726027397,491,0.048879837067209775,0.14663951120162932,0.13441955193482688,0.002036659877800407,True,159.31,684.0
2022,30116,seiya suzuki,Seiya Suzuki,CHC,0.094,0.247,0.256,0.574,0.39,0.642,0.889,0.795,0.08,89.6,111.3,0.41,0.11,0.374,11.2,0.4,0.4,0.2,0.314,0.366,0.321,30.5,446.0,27.0,2023,20,75,74,6,0.2854368932038835,583,0.03430531732418525,0.12864493996569468,0.1269296740994854,0.010291595197255575,True,148.3,598.0
2022,13152,jorge polanco,Jorge Polanco,MIN,0.14400000000000002,0.213,0.282,0.64,0.423,0.643,0.858,0.7709999999999999,0.09699999999999999,89.0,111.0,0.387,0.102,0.374,21.7,0.3,0.48200000000000004,0.218,0.489,0.299,0.21100000000000002,30.5,445.0,28.0,2023,14,38,48,4,0.25496688741721857,343,0.04081632653061224,0.11078717201166181,0.13994169096209913,0.011661807580174927,True,167.01,684.0
2022,18795,ramon urias,Ramon Urias,BAL,0.067,0.22,0.33799999999999997,0.7290000000000001,0.499,0.652,0.815,0.75,0.125,89.4,110.0,0.465,0.096,0.374,11.0,0.47200000000000003,0.34600000000000003,0.18100000000000002,0.41700000000000004,0.337,0.247,30.5,445.0,28.0,2023,4,45,42,3,0.2638888888888889,396,0.010101010101010102,0.11363636363636363,0.10606060606060606,0.007575757575757576,True,129.94,630.0
2022,14691,harold castro,Harold Castro,DET,0.038,0.17800000000000002,0.42200000000000004,0.6970000000000001,0.536,0.727,0.8959999999999999,0.818,0.098,87.0,107.3,0.332,0.061,0.374,11.4,0.444,0.298,0.257,0.364,0.312,0.324,30.5,443.0,28.0,2023,1,24,31,1,0.25193798449612403,270,0.003703703703703704,0.08888888888888889,0.11481481481481481,0.003703703703703704,True,125.55,533.0
2022,25931,michael harris,Michael Harris II,ATL,0.048,0.243,0.41700000000000004,0.679,0.522,0.597,0.861,0.735,0.138,89.5,112.8,0.451,0.10099999999999999,0.374,4.5,0.562,0.271,0.16699999999999998,0.34700000000000003,0.406,0.247,30.5,441.0,21.0,2023,18,76,57,20,0.29306930693069305,539,0.03339517625231911,0.14100185528756956,0.10575139146567718,0.03710575139146568,True,118.41,765.0
2022,14387,harold ramirez,Harold Ramirez,TBR,0.044000000000000004,0.166,0.447,0.74,0.564,0.6409999999999999,0.872,0.762,0.134,88.5,113.7,0.41200000000000003,0.048,0.374,4.8,0.525,0.281,0.19399999999999998,0.418,0.39399999999999996,0.188,30.5,435.0,27.0,2023,12,58,68,5,0.3125,434,0.027649769585253458,0.1336405529953917,0.15668202764976957,0.01152073732718894,True,118.58,566.0
2022,19610,keibert ruiz,Keibert Ruiz,WSN,0.069,0.115,0.366,0.722,0.509,0.7829999999999999,0.924,0.863,0.07,88.0,109.4,0.32299999999999995,0.037000000000000005,0.374,14.9,0.402,0.37,0.228,0.496,0.337,0.16699999999999998,30.5,433.0,23.0,2023,18,55,67,1,0.26003824091778205,562,0.03202846975088968,0.09786476868327403,0.11921708185053381,0.0017793594306049821,True,141.98,419.0
2022,17232,yoan moncada,Yoan Moncada,CHW,0.07400000000000001,0.263,0.313,0.684,0.47100000000000003,0.5660000000000001,0.852,0.743,0.121,88.7,111.5,0.375,0.098,0.374,15.7,0.392,0.435,0.17300000000000001,0.365,0.382,0.253,30.5,433.0,27.0,2023,11,39,40,1,0.26047904191616766,357,0.03081232492997199,0.1092436974789916,0.11204481792717087,0.0028011204481792717,True,128.56,649.0
2022,1744,miguel cabrera,Miguel Cabrera,DET,0.065,0.233,0.345,0.7390000000000001,0.502,0.66,0.8290000000000001,0.759,0.121,89.9,111.0,0.382,0.047,0.374,5.0,0.528,0.249,0.223,0.34600000000000003,0.375,0.27899999999999997,30.5,433.0,39.0,2023,4,21,34,0,0.25748502994011974,370,0.010810810810810811,0.05675675675675676,0.0918918918918919,0.0,True,126.74,533.0
2022,11899,joc pederson,Joc Pederson,SFG,0.09699999999999999,0.231,0.317,0.67,0.457,0.621,0.8909999999999999,0.778,0.10099999999999999,93.2,112.8,0.521,0.151,0.374,14.8,0.361,0.45,0.18899999999999997,0.377,0.37,0.254,30.5,433.0,30.0,2023,15,59,51,0,0.2346368715083799,425,0.03529411764705882,0.1388235294117647,0.12,0.0,True,143.06,612.0
2022,14350,raimel tapia,Raimel Tapia,TOR,0.037000000000000005,0.187,0.446,0.705,0.5489999999999999,0.722,0.882,0.804,0.10800000000000001,87.6,111.7,0.37799999999999995,0.051,0.374,4.0,0.547,0.257,0.196,0.33799999999999997,0.368,0.293,30.5,433.0,28.0,2023,3,28,13,10,0.23648648648648649,169,0.01775147928994083,0.16568047337278108,0.07692307692307693,0.05917159763313609,True,120.46,724.0
2022,21523,jonathan india,Jonathan India,CIN,0.07200000000000001,0.218,0.27899999999999997,0.578,0.41200000000000003,0.627,0.888,0.79,0.087,85.1,111.3,0.28800000000000003,0.048,0.374,14.5,0.41200000000000003,0.361,0.22699999999999998,0.45899999999999996,0.332,0.209,30.5,431.0,25.0,2023,17,78,61,14,0.2444933920704846,529,0.03213610586011342,0.14744801512287334,0.11531190926275993,0.026465028355387523,True,133.18,442.0
2022,9774,christian vazquez,Christian Vazquez,- - -,0.052000000000000005,0.162,0.355,0.6809999999999999,0.49200000000000005,0.774,0.9059999999999999,0.851,0.07400000000000001,87.9,109.5,0.364,0.051,0.374,10.7,0.452,0.322,0.226,0.34,0.38299999999999995,0.27699999999999997,30.5,426.0,31.0,2023,6,34,32,1,0.22324159021406728,355,0.016901408450704224,0.09577464788732394,0.09014084507042254,0.0028169014084507044,True,130.91,673.0
2022,11579,bryce harper,Bryce Harper,PHI,0.10800000000000001,0.204,0.39799999999999996,0.825,0.556,0.613,0.833,0.7340000000000001,0.14800000000000002,92.1,114.3,0.479,0.128,0.374,11.8,0.415,0.345,0.24,0.40299999999999997,0.348,0.248,30.5,426.0,29.0,2023,21,84,72,11,0.29321663019693656,546,0.038461538461538464,0.15384615384615385,0.13186813186813187,0.020146520146520148,True,139.81,707.0
2022,7739,travis darnaud,Travis d'Arnaud,ATL,0.045,0.21100000000000002,0.39399999999999996,0.71,0.528,0.6459999999999999,0.825,0.748,0.133,88.5,112.3,0.389,0.085,0.374,11.8,0.451,0.363,0.18600000000000003,0.44799999999999995,0.304,0.248,30.5,426.0,33.0,2023,11,31,39,0,0.2247191011235955,292,0.03767123287671233,0.10616438356164383,0.13356164383561644,0.0,True,114.76,765.0
2022,8202,josh harrison,Josh Harrison,CHW,0.049,0.16699999999999998,0.39399999999999996,0.7440000000000001,0.545,0.7170000000000001,0.878,0.812,0.102,87.4,106.0,0.32299999999999995,0.038,0.374,14.7,0.43799999999999994,0.38799999999999996,0.174,0.382,0.37,0.248,30.5,425.0,34.0,2023,2,8,10,0,0.20388349514563106,114,0.017543859649122806,0.07017543859649122,0.08771929824561403,0.0,True,124.36,649.0
2022,21897,christopher morel,Christopher Morel,CHC,0.08900000000000001,0.322,0.332,0.728,0.495,0.5479999999999999,0.6890000000000001,0.634,0.18100000000000002,89.6,112.9,0.397,0.134,0.374,9.1,0.5,0.325,0.175,0.457,0.37200000000000005,0.17,30.5,425.0,23.0,2023,26,62,70,6,0.24742268041237114,429,0.06060606060606061,0.1445221445221445,0.16317016317016317,0.013986013986013986,True,118.66,598.0
2022,11200,kole calhoun,Kole Calhoun,TEX,0.064,0.321,0.36200000000000004,0.7959999999999999,0.531,0.513,0.7509999999999999,0.652,0.185,90.8,109.9,0.48200000000000004,0.098,0.374,15.5,0.38,0.376,0.243,0.478,0.341,0.18,30.5,424.0,34.0,2023,6,18,25,0,0.21656050955414013,174,0.034482758620689655,0.10344827586206896,0.14367816091954022,0.0,True,110.07,687.0
2022,19293,nick senzel,Nick Senzel,CIN,0.071,0.18100000000000002,0.314,0.695,0.47100000000000003,0.665,0.8909999999999999,0.8029999999999999,0.09300000000000001,87.2,109.5,0.327,0.032,0.374,11.7,0.461,0.313,0.226,0.397,0.37,0.233,30.5,420.0,27.0,2023,13,49,42,6,0.23588039867109634,330,0.03939393939393939,0.1484848484848485,0.12727272727272726,0.01818181818181818,True,131.0,442.0
2022,5452,ji man choi,Ji-Man Choi,TBR,0.138,0.294,0.23,0.716,0.415,0.552,0.775,0.6990000000000001,0.125,92.2,111.1,0.475,0.11900000000000001,0.374,10.6,0.451,0.319,0.23,0.415,0.34299999999999997,0.242,30.5,419.0,31.0,2023,6,12,13,0,0.16346153846153846,117,0.05128205128205128,0.10256410256410256,0.1111111111111111,0.0,True,145.69,566.0
2022,3516,eric hosmer,Eric Hosmer,- - -,0.08800000000000001,0.153,0.371,0.6759999999999999,0.489,0.7170000000000001,0.934,0.833,0.08199999999999999,88.4,112.9,0.397,0.057,0.374,3.1,0.568,0.252,0.18,0.391,0.34700000000000003,0.262,30.5,419.0,32.0,2023,2,7,14,0,0.23404255319148937,100,0.02,0.07,0.14,0.0,True,141.58,673.0
2022,25976,riley greene,Riley Greene,DET,0.086,0.287,0.312,0.654,0.45299999999999996,0.653,0.871,0.7829999999999999,0.098,89.5,112.1,0.452,0.09300000000000001,0.374,2.8,0.56,0.239,0.201,0.34700000000000003,0.375,0.278,30.5,418.0,21.0,2023,11,51,37,7,0.28835978835978837,416,0.026442307692307692,0.12259615384615384,0.0889423076923077,0.016826923076923076,True,134.14,533.0
2022,21534,cal raleigh,Cal Raleigh,SEA,0.092,0.294,0.36,0.784,0.524,0.59,0.792,0.7070000000000001,0.153,90.9,114.0,0.435,0.154,0.374,22.5,0.285,0.557,0.158,0.478,0.3,0.221,30.5,415.0,25.0,2023,30,78,75,0,0.23196881091617932,569,0.05272407732864675,0.13708260105448156,0.13181019332161686,0.0,True,126.2,643.0
2022,23792,alek thomas,Alek Thomas,ARI,0.054000000000000006,0.18,0.366,0.643,0.49,0.652,0.843,0.765,0.115,87.4,111.3,0.34600000000000003,0.038,0.374,2.6,0.58,0.25,0.17,0.359,0.353,0.28800000000000003,30.5,411.0,22.0,2023,9,51,39,9,0.22994652406417113,402,0.022388059701492536,0.12686567164179105,0.09701492537313433,0.022388059701492536,True,116.52,625.0
2022,14128,joey gallo,Joey Gallo,- - -,0.13699999999999998,0.39799999999999996,0.315,0.7,0.47100000000000003,0.43700000000000006,0.733,0.615,0.18100000000000002,89.6,113.0,0.505,0.17600000000000002,0.374,23.8,0.28,0.527,0.19399999999999998,0.5479999999999999,0.27699999999999997,0.17600000000000002,30.5,410.0,28.0,2023,21,39,40,1,0.1773049645390071,332,0.06325301204819277,0.11746987951807229,0.12048192771084337,0.0030120481927710845,True,131.82,673.0
2022,19901,gavin sheets,Gavin Sheets,CHW,0.066,0.21,0.371,0.635,0.47700000000000004,0.721,0.8759999999999999,0.804,0.094,88.6,109.7,0.361,0.065,0.374,14.8,0.40299999999999997,0.447,0.15,0.384,0.36700000000000005,0.248,30.5,410.0,26.0,2023,10,24,43,1,0.20257234726688103,344,0.029069767441860465,0.06976744186046512,0.125,0.0029069767441860465,True,125.95,649.0
2022,18363,victor robles,Victor Robles,WSN,0.042,0.256,0.353,0.7290000000000001,0.522,0.575,0.836,0.738,0.136,84.6,109.7,0.23800000000000002,0.032,0.374,15.8,0.402,0.39,0.207,0.43,0.31,0.26,30.5,407.0,25.0,2023,0,15,8,8,0.29906542056074764,126,0.0,0.11904761904761904,0.06349206349206349,0.06349206349206349,True,107.2,419.0
2022,19599,chas mccormick,Chas McCormick,HOU,0.113,0.26,0.325,0.723,0.48,0.583,0.8009999999999999,0.711,0.139,88.1,109.9,0.39,0.102,0.374,12.8,0.431,0.35100000000000003,0.218,0.34299999999999997,0.358,0.299,30.5,407.0,27.0,2023,22,59,70,19,0.2729528535980149,457,0.04814004376367615,0.12910284463894967,0.15317286652078774,0.04157549234135667,True,132.8,673.0
2022,13675,tyrone taylor,Tyrone Taylor,MIL,0.054000000000000006,0.252,0.364,0.708,0.509,0.5920000000000001,0.8590000000000001,0.7490000000000001,0.127,88.0,109.3,0.376,0.099,0.374,16.9,0.381,0.44,0.179,0.409,0.38,0.212,30.5,405.0,28.0,2023,10,36,35,9,0.23376623376623376,243,0.0411522633744856,0.14814814814814814,0.1440329218106996,0.037037037037037035,True,112.87,721.0
2022,12037,jon berti,Jon Berti,MIA,0.10400000000000001,0.22,0.263,0.677,0.444,0.605,0.875,0.785,0.096,88.0,109.1,0.37,0.059000000000000004,0.374,4.7,0.53,0.304,0.16699999999999998,0.322,0.4,0.278,30.5,404.0,32.0,2023,7,53,33,16,0.29381443298969073,424,0.01650943396226415,0.125,0.07783018867924528,0.03773584905660377,True,137.16,520.0
2022,27465,spencer torkelson,Spencer Torkelson,DET,0.092,0.245,0.27699999999999997,0.7,0.45899999999999996,0.597,0.862,0.7709999999999999,0.105,90.5,111.5,0.418,0.084,0.374,15.0,0.40299999999999997,0.40700000000000003,0.19,0.42200000000000004,0.319,0.259,30.5,404.0,22.0,2023,31,88,94,3,0.23267326732673269,684,0.04532163742690058,0.1286549707602339,0.13742690058479531,0.0043859649122807015,True,130.61,533.0
2022,10472,enrique hernandez,Enrique Hernandez,BOS,0.085,0.177,0.308,0.735,0.47600000000000003,0.595,0.8740000000000001,0.764,0.11199999999999999,87.8,112.3,0.35,0.057999999999999996,0.374,17.2,0.395,0.425,0.18,0.46299999999999997,0.32299999999999995,0.214,30.5,402.0,30.0,2023,11,57,61,4,0.23655913978494625,508,0.021653543307086614,0.11220472440944881,0.12007874015748031,0.007874015748031496,True,126.31,610.0
2022,20043,luis robert,Luis Robert Jr.,CHW,0.042,0.192,0.483,0.841,0.615,0.626,0.878,0.753,0.152,89.3,117.8,0.428,0.08900000000000001,0.374,10.0,0.451,0.32899999999999996,0.22,0.37200000000000005,0.349,0.28,30.5,401.0,24.0,2023,38,90,80,20,0.26373626373626374,595,0.06386554621848739,0.15126050420168066,0.13445378151260504,0.03361344537815126,True,107.43,649.0
2022,15941,austin nola,Austin Nola,SDP,0.086,0.151,0.253,0.642,0.429,0.757,0.9209999999999999,0.868,0.057,89.4,109.1,0.397,0.024,0.374,12.0,0.426,0.368,0.20600000000000002,0.444,0.32299999999999995,0.23199999999999998,30.5,397.0,32.0,2023,1,9,8,0,0.14615384615384616,154,0.006493506493506494,0.05844155844155844,0.05194805194805195,0.0,True,137.52,531.0
2022,12564,trevor story,Trevor Story,BOS,0.081,0.308,0.369,0.701,0.498,0.607,0.821,0.725,0.13699999999999998,88.9,113.4,0.406,0.113,0.374,17.8,0.35600000000000004,0.452,0.192,0.423,0.326,0.251,30.5,396.0,29.0,2023,3,12,14,10,0.20253164556962025,168,0.017857142857142856,0.07142857142857142,0.08333333333333333,0.05952380952380952,True,118.21,610.0
2022,17338,willi castro,Willi Castro,DET,0.038,0.209,0.42700000000000005,0.777,0.5770000000000001,0.57,0.856,0.735,0.153,84.8,111.7,0.314,0.035,0.374,13.9,0.419,0.35600000000000004,0.225,0.35200000000000004,0.369,0.27899999999999997,30.5,392.0,25.0,2023,9,60,34,33,0.2569832402234637,409,0.022004889975550123,0.1466992665036675,0.08312958435207823,0.08068459657701711,True,101.33,533.0
2022,5933,jean segura,Jean Segura,PHI,0.065,0.15,0.375,0.6609999999999999,0.486,0.754,0.9009999999999999,0.8320000000000001,0.08199999999999999,87.6,111.0,0.384,0.044000000000000004,0.374,4.2,0.5660000000000001,0.26899999999999996,0.165,0.313,0.387,0.3,30.5,387.0,32.0,2023,3,25,21,6,0.21926910299003322,326,0.009202453987730062,0.07668711656441718,0.06441717791411043,0.018404907975460124,True,121.75,707.0
2022,13723,jacob stallings,Jacob Stallings,MIA,0.076,0.21600000000000003,0.303,0.634,0.43700000000000006,0.624,0.905,0.789,0.092,86.7,109.5,0.32299999999999995,0.034,0.374,12.9,0.42,0.386,0.193,0.353,0.32299999999999995,0.32299999999999995,30.5,384.0,32.0,2023,3,22,20,0,0.1908713692946058,276,0.010869565217391304,0.07971014492753623,0.07246376811594203,0.0,True,120.08,520.0
2022,15711,tyler oneill,Tyler O'Neill,STL,0.099,0.26899999999999996,0.29600000000000004,0.701,0.46299999999999997,0.561,0.8240000000000001,0.725,0.127,89.8,110.3,0.433,0.113,0.374,13.6,0.42,0.37799999999999995,0.20199999999999999,0.466,0.315,0.218,30.5,383.0,27.0,2023,9,27,21,5,0.23109243697478993,266,0.03383458646616541,0.10150375939849623,0.07894736842105263,0.018796992481203006,True,121.22,717.0
2022,17128,ramon laureano,Ramon Laureano,OAK,0.065,0.272,0.324,0.652,0.46299999999999997,0.534,0.84,0.716,0.131,88.7,110.2,0.384,0.11599999999999999,0.374,14.9,0.43,0.39299999999999996,0.17800000000000002,0.43799999999999994,0.302,0.26,30.5,383.0,27.0,2023,9,46,35,12,0.22437673130193905,404,0.022277227722772276,0.11386138613861387,0.08663366336633663,0.0297029702970297,True,107.16,493.0
2022,18289,brian anderson,Brian Anderson,MIA,0.09699999999999999,0.264,0.32299999999999995,0.768,0.505,0.597,0.7979999999999999,0.721,0.141,88.7,112.0,0.42,0.09699999999999999,0.374,7.7,0.504,0.311,0.185,0.39899999999999997,0.361,0.239,30.5,383.0,29.0,2023,9,38,40,1,0.22641509433962265,361,0.024930747922437674,0.10526315789473684,0.11080332409972299,0.002770083102493075,True,119.99,520.0
2022,14161,byron buxton,Byron Buxton,MIN,0.08900000000000001,0.304,0.311,0.6779999999999999,0.46799999999999997,0.496,0.8059999999999999,0.688,0.146,92.9,113.5,0.502,0.16399999999999998,0.374,21.4,0.307,0.511,0.182,0.5820000000000001,0.249,0.16899999999999998,30.5,382.0,28.0,2023,17,49,42,9,0.20723684210526316,347,0.04899135446685879,0.14121037463976946,0.12103746397694524,0.025936599423631124,True,112.84,684.0
2022,20970,oscar gonzalez,Oscar Gonzalez,CLE,0.039,0.196,0.483,0.765,0.593,0.652,0.86,0.757,0.14400000000000002,88.6,113.3,0.401,0.073,0.374,5.4,0.509,0.284,0.20800000000000002,0.439,0.37,0.19,30.5,382.0,24.0,2023,2,15,12,0,0.2138728323699422,180,0.011111111111111112,0.08333333333333333,0.06666666666666667,0.0,True,101.65,637.0
2022,11680,elias diaz,Elias Diaz,COL,0.066,0.215,0.37,0.7440000000000001,0.518,0.645,0.899,0.789,0.109,88.4,111.8,0.39299999999999996,0.059000000000000004,0.374,11.1,0.478,0.36,0.162,0.36,0.368,0.272,30.5,381.0,31.0,2023,14,48,72,1,0.2674897119341564,526,0.026615969581749048,0.09125475285171103,0.13688212927756654,0.0019011406844106464,True,115.33,698.0
2022,20036,isaac paredes,Isaac Paredes,TBR,0.115,0.17600000000000002,0.251,0.626,0.39799999999999996,0.768,0.902,0.851,0.059000000000000004,87.4,110.4,0.387,0.064,0.374,15.8,0.42100000000000004,0.455,0.124,0.519,0.278,0.203,30.5,381.0,23.0,2023,31,71,98,1,0.25,571,0.0542907180385289,0.1243432574430823,0.17162872154115585,0.0017513134851138354,True,141.08,566.0
2022,5760,avisail garcia,Avisail Garcia,MIA,0.045,0.287,0.445,0.8440000000000001,0.59,0.469,0.8190000000000001,0.652,0.20600000000000002,88.7,116.8,0.44799999999999995,0.064,0.374,2.8,0.556,0.264,0.18,0.35600000000000004,0.392,0.252,30.5,380.0,31.0,2023,3,8,12,2,0.18518518518518517,118,0.025423728813559324,0.06779661016949153,0.1016949152542373,0.01694915254237288,True,91.43,520.0
2022,6887,martin maldonado,Martin Maldonado,HOU,0.057999999999999996,0.306,0.354,0.6940000000000001,0.499,0.489,0.85,0.703,0.14800000000000002,88.4,109.2,0.402,0.081,0.374,14.6,0.424,0.406,0.17,0.444,0.312,0.244,30.5,379.0,35.0,2023,15,33,36,0,0.19060773480662985,407,0.036855036855036855,0.08108108108108109,0.08845208845208845,0.0,True,101.91,673.0
2022,20391,luis garcia,Luis Garcia Jr.,WSN,0.028999999999999998,0.223,0.43700000000000006,0.68,0.5329999999999999,0.6629999999999999,0.831,0.748,0.135,87.3,113.4,0.36700000000000005,0.075,0.374,5.5,0.513,0.265,0.222,0.37,0.38799999999999996,0.242,30.5,377.0,22.0,2023,9,61,50,9,0.2662192393736018,482,0.01867219917012448,0.12655601659751037,0.1037344398340249,0.01867219917012448,True,95.53,419.0
2022,20503,william contreras,William Contreras,ATL,0.10400000000000001,0.27699999999999997,0.308,0.653,0.444,0.557,0.775,0.684,0.14,90.4,115.2,0.466,0.134,0.374,6.1,0.53,0.319,0.151,0.418,0.36200000000000004,0.22,30.5,376.0,24.0,2023,17,86,78,6,0.28888888888888886,611,0.027823240589198037,0.1407528641571195,0.1276595744680851,0.009819967266775777,True,116.26,765.0
2022,4314,joey votto,Joey Votto,CIN,0.11699999999999999,0.258,0.28800000000000003,0.713,0.465,0.609,0.799,0.73,0.126,89.7,111.9,0.409,0.111,0.374,14.3,0.444,0.373,0.182,0.4,0.36,0.24,30.5,376.0,38.0,2023,14,26,38,0,0.20192307692307693,242,0.05785123966942149,0.10743801652892562,0.15702479338842976,0.0,True,126.34,442.0
2022,11368,yasmani grandal,Yasmani Grandal,CHW,0.12,0.21,0.244,0.594,0.397,0.685,0.865,0.8029999999999999,0.078,90.0,110.2,0.4,0.048,0.374,12.0,0.428,0.36,0.212,0.376,0.316,0.308,30.5,376.0,33.0,2023,8,33,33,0,0.23415977961432508,405,0.019753086419753086,0.08148148148148149,0.08148148148148149,0.0,True,135.7,649.0
2022,22244,jack suwinski,Jack Suwinski,PIT,0.11,0.306,0.27399999999999997,0.632,0.431,0.512,0.8490000000000001,0.7290000000000001,0.11699999999999999,88.3,112.4,0.40399999999999997,0.122,0.374,14.2,0.423,0.423,0.155,0.469,0.31,0.221,30.5,372.0,23.0,2023,26,63,74,13,0.22371364653243847,534,0.04868913857677903,0.11797752808988764,0.13857677902621723,0.024344569288389514,True,122.28,526.0
2022,10323,rafael ortega,Rafael Ortega,CHC,0.11900000000000001,0.19899999999999998,0.289,0.69,0.44799999999999995,0.6970000000000001,0.892,0.816,0.08199999999999999,87.3,108.4,0.335,0.048,0.374,17.1,0.336,0.449,0.215,0.42,0.336,0.244,30.5,371.0,31.0,2023,1,16,8,6,0.21929824561403508,136,0.007352941176470588,0.11764705882352941,0.058823529411764705,0.04411764705882353,True,134.97,598.0
2022,13853,joey wendle,Joey Wendle,MIA,0.04,0.135,0.431,0.657,0.526,0.75,0.929,0.8440000000000001,0.08199999999999999,87.5,107.6,0.36200000000000004,0.017,0.374,3.0,0.55,0.282,0.168,0.359,0.332,0.309,30.5,371.0,32.0,2023,2,33,20,7,0.21212121212121213,318,0.006289308176100629,0.10377358490566038,0.06289308176100629,0.0220125786163522,True,108.78,520.0
2022,12984,jackie bradley,Jackie Bradley Jr.,- - -,0.065,0.20800000000000002,0.322,0.708,0.493,0.627,0.7859999999999999,0.728,0.134,87.6,107.6,0.37200000000000005,0.048,0.374,7.4,0.506,0.325,0.17,0.428,0.34600000000000003,0.22699999999999998,30.5,370.0,32.0,2023,1,10,6,0,0.13333333333333333,113,0.008849557522123894,0.08849557522123894,0.05309734513274336,0.0,True,104.86,673.0
2022,16219,jd davis,J.D. Davis,- - -,0.107,0.33399999999999996,0.293,0.7979999999999999,0.513,0.52,0.711,0.65,0.18,92.4,112.7,0.561,0.162,0.374,12.3,0.449,0.33799999999999997,0.212,0.374,0.374,0.253,30.5,365.0,29.0,2023,18,61,69,1,0.24791666666666667,546,0.03296703296703297,0.11172161172161173,0.12637362637362637,0.0018315018315018315,True,110.23,673.0
2022,14712,manuel margot,Manuel Margot,TBR,0.066,0.187,0.369,0.75,0.521,0.648,0.8759999999999999,0.779,0.115,89.5,110.4,0.379,0.037000000000000005,0.374,10.2,0.44799999999999995,0.322,0.23,0.301,0.431,0.268,30.5,363.0,27.0,2023,4,39,38,9,0.26366559485530544,336,0.011904761904761904,0.11607142857142858,0.1130952380952381,0.026785714285714284,True,108.79,566.0
2022,19890,emmanuel rivera,Emmanuel Rivera,- - -,0.064,0.231,0.317,0.762,0.501,0.5770000000000001,0.875,0.765,0.11800000000000001,90.4,110.9,0.38299999999999995,0.09300000000000001,0.374,9.8,0.488,0.35100000000000003,0.161,0.423,0.319,0.258,30.5,359.0,26.0,2023,4,32,29,1,0.2607003891050584,283,0.014134275618374558,0.11307420494699646,0.10247349823321555,0.0035335689045936395,True,105.37,673.0
2022,21558,matt vierling,Matt Vierling,PHI,0.064,0.196,0.316,0.603,0.442,0.706,0.895,0.82,0.08,91.2,112.1,0.47100000000000003,0.05,0.374,12.1,0.41200000000000003,0.36200000000000004,0.22699999999999998,0.303,0.414,0.284,30.5,357.0,25.0,2023,10,63,44,6,0.2609603340292276,530,0.018867924528301886,0.11886792452830189,0.0830188679245283,0.011320754716981131,True,110.67,707.0
2022,19600,bryan de la cruz,Bryan De La Cruz,MIA,0.054000000000000006,0.254,0.344,0.733,0.491,0.606,0.8440000000000001,0.74,0.128,90.8,111.2,0.47100000000000003,0.11900000000000001,0.374,9.8,0.41600000000000004,0.309,0.276,0.40299999999999997,0.366,0.23,30.5,355.0,25.0,2023,19,60,78,4,0.25734024179620035,626,0.03035143769968051,0.09584664536741214,0.12460063897763578,0.006389776357827476,True,97.98,520.0
2022,21622,jake mccarthy,Jake McCarthy,ARI,0.065,0.215,0.345,0.74,0.519,0.5720000000000001,0.845,0.7440000000000001,0.133,87.4,108.3,0.33299999999999996,0.048,0.374,8.0,0.49200000000000005,0.28600000000000003,0.223,0.373,0.373,0.253,30.5,354.0,24.0,2023,2,37,16,26,0.2427536231884058,312,0.00641025641025641,0.11858974358974358,0.05128205128205128,0.08333333333333333,True,102.02,625.0
2022,13620,carson kelly,Carson Kelly,ARI,0.08199999999999999,0.201,0.287,0.645,0.436,0.6890000000000001,0.893,0.815,0.081,87.7,109.4,0.368,0.052000000000000005,0.374,14.7,0.406,0.39799999999999996,0.19699999999999998,0.384,0.396,0.22,30.5,354.0,27.0,2023,2,13,13,1,0.20588235294117646,151,0.013245033112582781,0.08609271523178808,0.08609271523178808,0.006622516556291391,True,115.58,625.0
2022,16725,jose trevino,Jose Trevino,NYY,0.042,0.17600000000000002,0.419,0.614,0.49700000000000005,0.725,0.887,0.805,0.09699999999999999,87.9,109.4,0.35,0.051,0.374,13.0,0.39899999999999997,0.414,0.187,0.38299999999999995,0.376,0.24100000000000002,30.5,353.0,29.0,2023,4,15,15,0,0.21019108280254778,168,0.023809523809523808,0.08928571428571429,0.08928571428571429,0.0,True,100.08,749.0
2022,15172,tim anderson,Tim Anderson,CHW,0.04,0.157,0.444,0.773,0.578,0.6940000000000001,0.8809999999999999,0.7959999999999999,0.11800000000000001,88.2,108.7,0.41200000000000003,0.057999999999999996,0.374,3.3,0.5489999999999999,0.209,0.242,0.35700000000000004,0.33899999999999997,0.303,30.5,351.0,29.0,2023,1,52,25,13,0.24543610547667344,524,0.0019083969465648854,0.09923664122137404,0.04770992366412214,0.02480916030534351,True,97.86,649.0
2022,14111,eric haase,Eric Haase,DET,0.068,0.276,0.392,0.7190000000000001,0.514,0.5710000000000001,0.797,0.6890000000000001,0.16,87.7,109.9,0.424,0.087,0.374,17.0,0.39299999999999996,0.41,0.19699999999999998,0.45,0.297,0.253,30.5,351.0,29.0,2023,4,22,26,4,0.20072992700729927,293,0.013651877133105802,0.07508532423208192,0.08873720136518772,0.013651877133105802,True,96.42,533.0
2022,21454,lars nootbaar,Lars Nootbaar,STL,0.147,0.205,0.245,0.588,0.387,0.6729999999999999,0.838,0.777,0.086,91.8,113.0,0.46,0.121,0.374,10.7,0.43799999999999994,0.38799999999999996,0.174,0.424,0.366,0.21,30.5,347.0,24.0,2023,14,74,46,11,0.2605633802816901,503,0.027833001988071572,0.147117296222664,0.09145129224652088,0.02186878727634195,True,131.89,717.0
2022,23667,wander franco,Wander Franco,TBR,0.076,0.096,0.34700000000000003,0.747,0.513,0.789,0.9420000000000001,0.8809999999999999,0.061,87.3,112.4,0.358,0.046,0.374,8.2,0.442,0.312,0.24600000000000002,0.386,0.34,0.27399999999999997,30.5,344.0,21.0,2023,17,65,58,30,0.28054298642533937,491,0.034623217922606926,0.13238289205702647,0.11812627291242363,0.06109979633401222,True,117.06,566.0
2022,19913,jesus sanchez,Jesus Sanchez,MIA,0.076,0.268,0.36200000000000004,0.667,0.478,0.593,0.853,0.731,0.129,89.5,114.7,0.405,0.099,0.374,11.0,0.466,0.36700000000000005,0.16699999999999998,0.428,0.302,0.27,30.5,343.0,24.0,2023,14,43,52,3,0.25277777777777777,402,0.03482587064676617,0.10696517412935323,0.12935323383084577,0.007462686567164179,True,101.29,520.0
2022,18900,leody taveras,Leody Taveras,TEX,0.062,0.258,0.33399999999999996,0.684,0.479,0.57,0.8420000000000001,0.731,0.129,89.3,112.9,0.361,0.043,0.374,12.0,0.423,0.36,0.21600000000000003,0.35200000000000004,0.374,0.27399999999999997,30.5,341.0,23.0,2023,14,67,67,14,0.26614481409001955,554,0.02527075812274368,0.12093862815884476,0.12093862815884476,0.02527075812274368,True,95.92,687.0
2022,12976,austin hedges,Austin Hedges,CLE,0.07400000000000001,0.231,0.318,0.68,0.46799999999999997,0.595,0.8440000000000001,0.745,0.11900000000000001,84.2,107.1,0.223,0.031,0.374,16.7,0.382,0.43799999999999994,0.18,0.45399999999999996,0.332,0.214,30.5,338.0,29.0,2023,1,14,16,1,0.1837837837837838,212,0.0047169811320754715,0.0660377358490566,0.07547169811320754,0.0047169811320754715,True,100.56,637.0
2022,16451,luis guillorme,Luis Guillorme,NYM,0.10099999999999999,0.13699999999999998,0.251,0.591,0.40399999999999997,0.831,0.9259999999999999,0.894,0.043,86.2,110.2,0.249,0.024,0.374,4.4,0.5529999999999999,0.191,0.256,0.27699999999999997,0.431,0.292,30.5,335.0,27.0,2023,1,12,9,0,0.22429906542056074,120,0.008333333333333333,0.1,0.075,0.0,True,123.68,688.0
2022,10028,christian bethancourt,Christian Bethancourt,- - -,0.036000000000000004,0.24,0.474,0.8240000000000001,0.621,0.5589999999999999,0.775,0.68,0.19899999999999998,90.1,113.4,0.44799999999999995,0.11699999999999999,0.374,9.4,0.45299999999999996,0.35200000000000004,0.195,0.423,0.364,0.213,30.5,333.0,30.0,2023,11,49,33,1,0.2253968253968254,332,0.03313253012048193,0.14759036144578314,0.09939759036144578,0.0030120481927710845,True,79.92,673.0
2022,12325,jace peterson,Jace Peterson,MIL,0.10099999999999999,0.259,0.264,0.58,0.40399999999999997,0.552,0.882,0.7609999999999999,0.096,88.6,108.8,0.361,0.07200000000000001,0.374,9.7,0.451,0.319,0.23,0.418,0.361,0.221,30.5,328.0,32.0,2023,6,35,37,15,0.21122994652406418,430,0.013953488372093023,0.08139534883720931,0.08604651162790698,0.03488372093023256,True,108.01,721.0
2022,15937,aledmys diaz,Aledmys Diaz,HOU,0.055,0.162,0.365,0.755,0.524,0.693,0.86,0.7909999999999999,0.11,86.6,112.0,0.366,0.063,0.374,12.4,0.40299999999999997,0.37200000000000005,0.225,0.488,0.32299999999999995,0.18899999999999997,30.5,327.0,31.0,2023,4,25,24,1,0.22857142857142856,344,0.011627906976744186,0.07267441860465117,0.06976744186046512,0.0029069767441860465,True,95.58,673.0
2022,17484,eloy jimenez,Eloy Jimenez,CHW,0.086,0.22,0.355,0.731,0.498,0.622,0.787,0.7140000000000001,0.14300000000000002,92.8,113.4,0.5489999999999999,0.147,0.374,7.4,0.504,0.33,0.165,0.375,0.402,0.223,30.5,327.0,25.0,2023,18,50,64,0,0.2719298245614035,489,0.03680981595092025,0.10224948875255624,0.130879345603272,0.0,True,98.17,649.0
2022,22277,nick allen,Nick Allen,OAK,0.057999999999999996,0.196,0.369,0.7290000000000001,0.519,0.639,0.88,0.78,0.114,83.9,104.6,0.223,0.012,0.374,7.6,0.515,0.316,0.16899999999999998,0.318,0.318,0.364,30.5,326.0,23.0,2023,4,29,20,5,0.22112211221122113,329,0.0121580547112462,0.08814589665653495,0.060790273556231005,0.015197568389057751,True,95.19,493.0
2022,16153,austin slater,Austin Slater,SFG,0.12300000000000001,0.27399999999999997,0.28300000000000003,0.695,0.447,0.588,0.79,0.713,0.128,89.0,109.4,0.395,0.105,0.374,6.6,0.524,0.259,0.21600000000000003,0.342,0.41600000000000004,0.242,30.5,325.0,29.0,2023,5,24,20,2,0.2702702702702703,207,0.024154589371980676,0.11594202898550725,0.0966183574879227,0.00966183574879227,True,109.49,612.0
2022,17452,jose siri,Jose Siri,- - -,0.062,0.332,0.39799999999999996,0.698,0.515,0.536,0.769,0.66,0.175,87.2,112.0,0.33,0.062,0.374,15.4,0.426,0.363,0.21100000000000002,0.402,0.35100000000000003,0.247,30.5,325.0,26.0,2023,25,58,56,12,0.22189349112426035,364,0.06868131868131869,0.15934065934065933,0.15384615384615385,0.03296703296703297,True,84.5,673.0
2022,10950,adam duvall,Adam Duvall,ATL,0.067,0.321,0.392,0.6759999999999999,0.505,0.627,0.805,0.722,0.14,88.3,110.1,0.41,0.128,0.374,23.4,0.293,0.521,0.18600000000000003,0.495,0.319,0.18600000000000003,30.5,315.0,33.0,2023,21,45,58,4,0.246875,353,0.059490084985835696,0.1274787535410765,0.1643059490084986,0.0113314447592068,True,89.33,765.0
2022,14968,victor caratini,Victor Caratini,MIL,0.099,0.213,0.26,0.634,0.423,0.623,0.9129999999999999,0.812,0.079,89.4,112.8,0.435,0.063,0.374,6.6,0.505,0.311,0.184,0.36700000000000005,0.35700000000000004,0.275,30.5,314.0,28.0,2023,7,23,25,1,0.25870646766169153,226,0.030973451327433628,0.10176991150442478,0.11061946902654868,0.004424778761061947,True,107.58,721.0
2022,18030,harrison bader,Harrison Bader,- - -,0.048,0.198,0.373,0.637,0.475,0.6679999999999999,0.904,0.7909999999999999,0.099,83.4,109.6,0.263,0.034,0.374,16.7,0.401,0.435,0.16399999999999998,0.397,0.418,0.185,30.5,313.0,28.0,2023,7,44,40,20,0.23197492163009403,344,0.020348837209302327,0.12790697674418605,0.11627906976744186,0.05813953488372093,True,89.3,673.0
2022,22263,nolan gorman,Nolan Gorman,STL,0.08900000000000001,0.32899999999999996,0.342,0.767,0.508,0.535,0.789,0.685,0.16,89.2,110.6,0.433,0.14400000000000002,0.374,20.0,0.267,0.483,0.25,0.41100000000000003,0.361,0.228,30.5,313.0,22.0,2023,27,59,76,7,0.23645320197044334,464,0.05818965517241379,0.1271551724137931,0.16379310344827586,0.015086206896551725,True,92.18,717.0
2022,17696,kevin newman,Kevin Newman,PIT,0.052000000000000005,0.155,0.359,0.649,0.479,0.7759999999999999,0.9309999999999999,0.863,0.066,85.8,108.2,0.272,0.016,0.374,13.1,0.42700000000000005,0.314,0.259,0.424,0.366,0.21,30.5,309.0,28.0,2023,3,28,28,8,0.25333333333333335,253,0.011857707509881422,0.11067193675889328,0.11067193675889328,0.03162055335968379,True,96.07,526.0
2022,10200,tucker barnhart,Tucker Barnhart,DET,0.081,0.24,0.301,0.6779999999999999,0.461,0.657,0.8959999999999999,0.8059999999999999,0.08900000000000001,84.5,105.2,0.26,0.019,0.374,10.0,0.534,0.304,0.162,0.365,0.34600000000000003,0.28800000000000003,30.5,308.0,31.0,2023,1,6,9,1,0.2018348623853211,123,0.008130081300813009,0.04878048780487805,0.07317073170731707,0.008130081300813009,True,99.42,533.0
2022,14221,jorge soler,Jorge Soler,MIA,0.10099999999999999,0.294,0.294,0.7090000000000001,0.46,0.556,0.809,0.7120000000000001,0.132,91.2,117.6,0.434,0.121,0.374,13.7,0.42,0.40299999999999997,0.177,0.503,0.337,0.16,30.5,306.0,30.0,2023,36,77,75,1,0.25,580,0.06206896551724138,0.13275862068965516,0.12931034482758622,0.0017241379310344827,True,96.27,520.0
2022,8623,donovan solano,Donovan Solano,CIN,0.063,0.201,0.36200000000000004,0.667,0.495,0.679,0.907,0.813,0.09300000000000001,88.3,107.3,0.406,0.059000000000000004,0.374,10.6,0.447,0.27899999999999997,0.27399999999999997,0.365,0.374,0.26,30.5,304.0,34.0,2023,5,43,38,0,0.2817258883248731,450,0.011111111111111112,0.09555555555555556,0.08444444444444445,0.0,True,93.3,442.0
2022,19252,cavan biggio,Cavan Biggio,TOR,0.125,0.281,0.207,0.647,0.4,0.557,0.843,0.76,0.096,87.9,107.6,0.32799999999999996,0.069,0.374,19.6,0.355,0.436,0.209,0.46,0.322,0.218,30.5,303.0,27.0,2023,9,54,40,5,0.23529411764705882,338,0.026627218934911243,0.15976331360946747,0.11834319526627218,0.014792899408284023,True,106.96,724.0
2022,25768,cj abrams,CJ Abrams,- - -,0.017,0.166,0.43799999999999994,0.725,0.5660000000000001,0.6859999999999999,0.8740000000000001,0.7929999999999999,0.11699999999999999,86.5,109.6,0.307,0.021,0.374,6.7,0.509,0.315,0.177,0.35700000000000004,0.382,0.261,30.5,302.0,21.0,2023,18,83,64,47,0.24511545293072823,614,0.029315960912052116,0.13517915309446255,0.10423452768729642,0.07654723127035831,True,76.98,673.0
2022,16434,christian arroyo,Christian Arroyo,BOS,0.043,0.163,0.43,0.782,0.574,0.6890000000000001,0.922,0.8190000000000001,0.10400000000000001,88.9,112.2,0.42100000000000004,0.064,0.374,9.1,0.455,0.292,0.253,0.353,0.4,0.247,30.5,300.0,27.0,2023,3,23,24,1,0.24102564102564103,206,0.014563106796116505,0.11165048543689321,0.11650485436893204,0.0048543689320388345,True,86.61,610.0
2022,16403,francisco mejia,Francisco Mejia,TBR,0.023,0.217,0.529,0.737,0.611,0.6920000000000001,0.8640000000000001,0.774,0.138,86.8,108.5,0.28,0.027000000000000003,0.374,15.7,0.369,0.387,0.244,0.45299999999999996,0.33799999999999997,0.209,30.5,299.0,26.0,2023,5,22,19,0,0.22666666666666666,160,0.03125,0.1375,0.11875,0.0,True,76.3,566.0
2022,27676,vinnie pasquantino,Vinnie Pasquantino,KCR,0.11699999999999999,0.114,0.289,0.705,0.45899999999999996,0.747,0.92,0.855,0.066,91.2,112.7,0.469,0.08800000000000001,0.374,12.2,0.409,0.4,0.191,0.42,0.363,0.217,30.5,298.0,24.0,2023,9,24,26,0,0.24675324675324675,260,0.03461538461538462,0.09230769230769231,0.1,0.0,True,111.3,507.0
2022,10264,brandon belt,Brandon Belt,SFG,0.124,0.272,0.249,0.779,0.46399999999999997,0.542,0.7929999999999999,0.713,0.133,88.4,108.3,0.385,0.126,0.374,23.4,0.27399999999999997,0.5,0.226,0.374,0.33899999999999997,0.287,30.5,298.0,34.0,2023,19,53,43,0,0.2536873156342183,404,0.04702970297029703,0.1311881188118812,0.10643564356435643,0.0,True,100.69,612.0
2022,9368,evan longoria,Evan Longoria,SFG,0.091,0.27899999999999997,0.295,0.648,0.444,0.611,0.7959999999999999,0.725,0.122,91.1,109.6,0.46799999999999997,0.124,0.374,18.1,0.366,0.414,0.22,0.478,0.29,0.231,30.5,298.0,36.0,2023,11,25,28,0,0.22274881516587677,237,0.046413502109704644,0.10548523206751055,0.11814345991561181,0.0,True,91.93,612.0
2022,10762,corey dickerson,Corey Dickerson,STL,0.04,0.162,0.451,0.7759999999999999,0.584,0.72,0.8540000000000001,0.7929999999999999,0.121,87.8,112.1,0.32799999999999996,0.038,0.374,10.6,0.46,0.32799999999999996,0.213,0.37,0.34,0.289,30.5,297.0,33.0,2023,2,12,17,0,0.25,152,0.013157894736842105,0.07894736842105263,0.1118421052631579,0.0,True,82.54,717.0
2022,13338,omar narvaez,Omar Narvaez,MIL,0.098,0.193,0.321,0.7509999999999999,0.5,0.7190000000000001,0.846,0.799,0.10099999999999999,84.7,106.4,0.184,0.024,0.374,17.7,0.358,0.446,0.196,0.401,0.32899999999999996,0.271,30.5,296.0,30.0,2023,2,12,7,0,0.2109375,146,0.0136986301369863,0.0821917808219178,0.04794520547945205,0.0,True,99.96,721.0
2022,9627,yan gomes,Yan Gomes,CHC,0.027000000000000003,0.16,0.419,0.721,0.542,0.716,0.905,0.818,0.098,85.3,107.5,0.289,0.034,0.374,9.4,0.45299999999999996,0.32899999999999996,0.218,0.43799999999999994,0.349,0.213,30.5,293.0,34.0,2023,10,44,63,1,0.2670157068062827,419,0.02386634844868735,0.10501193317422435,0.15035799522673032,0.002386634844868735,True,79.81,598.0
2022,19514,andrew knizner,Andrew Knizner,STL,0.08900000000000001,0.212,0.359,0.67,0.486,0.655,0.904,0.795,0.1,86.0,110.2,0.332,0.035,0.374,15.6,0.449,0.379,0.172,0.40700000000000003,0.332,0.261,30.5,293.0,27.0,2023,10,30,31,2,0.24107142857142858,241,0.04149377593360996,0.12448132780082988,0.12863070539419086,0.008298755186721992,True,95.96,717.0
2022,21560,alfonso rivas,Alfonso Rivas,CHC,0.10099999999999999,0.303,0.261,0.627,0.418,0.561,0.868,0.758,0.10099999999999999,86.9,108.0,0.353,0.042,0.374,4.9,0.491,0.245,0.264,0.34700000000000003,0.341,0.311,30.5,287.0,25.0,2023,3,8,15,1,0.22935779816513763,123,0.024390243902439025,0.06504065040650407,0.12195121951219512,0.008130081300813009,True,94.25,598.0
2022,10047,wil myers,Wil Myers,SDP,0.073,0.301,0.322,0.632,0.452,0.581,0.7879999999999999,0.7020000000000001,0.134,88.6,109.4,0.376,0.073,0.374,13.1,0.40299999999999997,0.381,0.21600000000000003,0.38799999999999996,0.315,0.298,30.5,286.0,31.0,2023,3,11,12,2,0.1889763779527559,141,0.02127659574468085,0.07801418439716312,0.0851063829787234,0.014184397163120567,True,81.11,531.0
2022,4892,mike moustakas,Mike Moustakas,CIN,0.084,0.263,0.409,0.7559999999999999,0.5429999999999999,0.5920000000000001,0.8390000000000001,0.7240000000000001,0.15,87.6,111.7,0.33899999999999997,0.061,0.374,19.4,0.35,0.5,0.15,0.444,0.35,0.20600000000000002,30.5,285.0,33.0,2023,12,43,48,0,0.2471590909090909,386,0.031088082901554404,0.11139896373056994,0.12435233160621761,0.0,True,85.84,442.0
2022,21614,kyle isbel,Kyle Isbel,KCR,0.057999999999999996,0.27,0.318,0.647,0.457,0.67,0.898,0.8059999999999999,0.08800000000000001,89.7,111.2,0.446,0.049,0.374,10.6,0.431,0.376,0.193,0.478,0.31,0.212,30.5,278.0,25.0,2023,5,45,34,7,0.23972602739726026,313,0.01597444089456869,0.14376996805111822,0.10862619808306709,0.022364217252396165,True,83.34,507.0
2022,21987,rodolfo castro,Rodolfo Castro,PIT,0.079,0.266,0.306,0.7,0.474,0.5,0.7979999999999999,0.688,0.14800000000000002,87.3,111.6,0.35,0.067,0.374,11.7,0.48,0.33299999999999996,0.18600000000000003,0.45,0.3,0.25,30.5,278.0,23.0,2023,6,21,24,1,0.21145374449339208,256,0.0234375,0.08203125,0.09375,0.00390625,True,79.34,526.0
2022,19892,pavin smith,Pavin Smith,ARI,0.10099999999999999,0.242,0.261,0.5870000000000001,0.39299999999999996,0.674,0.894,0.807,0.076,87.9,109.2,0.359,0.099,0.374,15.2,0.431,0.431,0.138,0.381,0.365,0.254,30.5,277.0,26.0,2023,7,26,30,1,0.18848167539267016,228,0.03070175438596491,0.11403508771929824,0.13157894736842105,0.0043859649122807015,True,95.04,625.0
2022,15674,reese mcguire,Reese McGuire,- - -,0.044000000000000004,0.204,0.4,0.662,0.509,0.6809999999999999,0.925,0.813,0.095,87.0,109.6,0.29600000000000004,0.025,0.374,14.1,0.387,0.387,0.225,0.35600000000000004,0.366,0.27699999999999997,30.5,274.0,27.0,2023,1,15,16,2,0.26737967914438504,206,0.0048543689320388345,0.07281553398058252,0.07766990291262135,0.009708737864077669,True,78.88,673.0
2022,12155,eddie rosario,Eddie Rosario,ATL,0.063,0.252,0.42,0.713,0.529,0.598,0.813,0.706,0.155,87.7,107.3,0.33,0.054000000000000006,0.374,15.2,0.39299999999999996,0.41,0.19699999999999998,0.42200000000000004,0.405,0.17300000000000001,30.5,270.0,30.0,2023,21,64,74,3,0.25523012552301255,516,0.040697674418604654,0.12403100775193798,0.1434108527131783,0.005813953488372093,True,74.2,765.0
2022,16556,ozzie albies,Ozzie Albies,ATL,0.059000000000000004,0.175,0.452,0.831,0.581,0.706,0.863,0.782,0.127,87.1,106.6,0.265,0.054000000000000006,0.374,17.0,0.377,0.441,0.18100000000000002,0.48,0.34299999999999997,0.17600000000000002,30.5,269.0,25.0,2023,33,96,109,13,0.2802013422818792,660,0.05,0.14545454545454545,0.16515151515151516,0.019696969696969695,True,78.98,765.0
2022,18882,brandon lowe,Brandon Lowe,TBR,0.102,0.22899999999999998,0.34299999999999997,0.79,0.531,0.49200000000000005,0.784,0.675,0.172,89.4,112.2,0.389,0.10300000000000001,0.374,16.6,0.379,0.414,0.207,0.434,0.314,0.251,30.5,266.0,27.0,2023,21,58,68,7,0.23076923076923078,436,0.0481651376146789,0.13302752293577982,0.1559633027522936,0.016055045871559634,True,81.0,566.0
2022,16530,mauricio dubon,Mauricio Dubon,- - -,0.049,0.113,0.402,0.747,0.5489999999999999,0.805,0.899,0.86,0.077,84.7,107.6,0.299,0.023,0.374,16.7,0.387,0.447,0.166,0.33899999999999997,0.434,0.226,30.5,265.0,27.0,2023,10,76,46,7,0.278372591006424,492,0.02032520325203252,0.15447154471544716,0.09349593495934959,0.014227642276422764,True,81.36,673.0
2022,19522,tj friedl,TJ Friedl,CIN,0.078,0.155,0.26899999999999996,0.633,0.42700000000000005,0.662,0.894,0.812,0.08,87.2,107.2,0.298,0.047,0.374,19.8,0.322,0.5,0.17800000000000002,0.47600000000000003,0.28800000000000003,0.23600000000000002,30.5,258.0,26.0,2023,18,73,66,27,0.2786885245901639,556,0.03237410071942446,0.13129496402877697,0.11870503597122302,0.048561151079136694,True,82.97,442.0
2022,9952,trayce thompson,Trayce Thompson,- - -,0.125,0.365,0.27699999999999997,0.672,0.43799999999999994,0.48700000000000004,0.775,0.667,0.146,92.2,111.9,0.469,0.16399999999999998,0.374,16.4,0.313,0.391,0.297,0.555,0.289,0.156,30.5,255.0,31.0,2023,6,17,17,2,0.16339869281045752,179,0.0335195530726257,0.09497206703910614,0.09497206703910614,0.0111731843575419,True,82.9,673.0
2022,18042,dylan moore,Dylan Moore,SEA,0.133,0.294,0.20800000000000002,0.623,0.384,0.618,0.813,0.752,0.095,87.2,110.5,0.361,0.128,0.374,20.6,0.32299999999999995,0.5,0.177,0.424,0.348,0.22699999999999998,30.5,255.0,29.0,2023,7,18,19,7,0.20689655172413793,165,0.04242424242424243,0.10909090909090909,0.11515151515151516,0.04242424242424243,True,91.44,643.0
2022,26396,josh smith,Josh Smith,TEX,0.111,0.198,0.235,0.628,0.405,0.65,0.866,0.795,0.083,87.0,105.4,0.28600000000000003,0.024,0.374,19.2,0.337,0.423,0.239,0.363,0.387,0.25,30.5,253.0,24.0,2023,6,29,15,1,0.18461538461538463,232,0.02586206896551724,0.125,0.06465517241379311,0.004310344827586207,True,88.42,687.0
2022,18126,lamonte wade,LaMonte Wade Jr.,SFG,0.10400000000000001,0.203,0.273,0.687,0.442,0.708,0.9059999999999999,0.833,0.07400000000000001,87.7,109.3,0.34299999999999997,0.095,0.374,21.1,0.317,0.49700000000000005,0.18600000000000003,0.408,0.379,0.213,30.5,251.0,28.0,2023,17,64,45,2,0.2564102564102564,519,0.03275529865125241,0.1233140655105973,0.08670520231213873,0.0038535645472061657,True,88.83,612.0
2023,12533,marcus semien,Marcus Semien,TEX,0.096,0.146,0.253,0.77,0.47100000000000003,0.662,0.912,0.8340000000000001,0.078,88.4,108.6,0.369,0.065,0.374,19.0,0.33799999999999997,0.465,0.196,0.494,0.304,0.20199999999999999,30.5,753.0,32.0,2024,23,101,74,8,0.23692307692307693,718,0.03203342618384401,0.14066852367688024,0.10306406685236769,0.011142061281337047,True,260.69,880.0
2023,18401,ronald acuna,Ronald Acuna Jr.,ATL,0.109,0.114,0.268,0.728,0.462,0.738,0.878,0.831,0.078,94.7,121.2,0.552,0.153,0.374,7.4,0.495,0.304,0.201,0.397,0.35600000000000004,0.247,30.5,735.0,25.0,2024,4,38,15,16,0.25,222,0.018018018018018018,0.17117117117117117,0.06756756756756757,0.07207207207207207,True,263.35,932.0
2023,5361,freddie freeman,Freddie Freeman,LAD,0.099,0.166,0.301,0.792,0.51,0.688,0.88,0.815,0.094,90.0,110.6,0.42200000000000004,0.111,0.374,15.2,0.353,0.37,0.276,0.365,0.35700000000000004,0.278,30.5,730.0,33.0,2024,22,81,89,9,0.2822878228782288,638,0.034482758620689655,0.12695924764890282,0.13949843260188088,0.014106583072100314,True,250.75,852.0
2023,17678,alex bregman,Alex Bregman,HOU,0.127,0.12,0.223,0.633,0.387,0.747,0.941,0.8740000000000001,0.049,88.6,107.5,0.382,0.054000000000000006,0.374,17.6,0.354,0.46,0.18600000000000003,0.426,0.35200000000000004,0.222,30.5,724.0,29.0,2024,26,79,75,3,0.25989672977624784,634,0.04100946372239748,0.12460567823343849,0.11829652996845426,0.00473186119873817,True,281.78,819.0
2023,19566,nathaniel lowe,Nathaniel Lowe,TEX,0.128,0.228,0.26,0.685,0.43799999999999994,0.675,0.8959999999999999,0.82,0.079,89.8,111.2,0.41600000000000004,0.065,0.374,7.3,0.47700000000000004,0.299,0.223,0.29100000000000004,0.401,0.308,30.5,724.0,27.0,2024,16,62,69,2,0.2654320987654321,565,0.02831858407079646,0.10973451327433628,0.12212389380530973,0.0035398230088495575,True,270.78,880.0
2023,14344,matt olson,Matt Olson,ATL,0.14400000000000002,0.23199999999999998,0.295,0.735,0.46799999999999997,0.695,0.777,0.746,0.11900000000000001,93.7,118.6,0.555,0.16399999999999998,0.374,16.1,0.387,0.436,0.17800000000000002,0.382,0.373,0.245,30.5,720.0,29.0,2024,29,78,98,0,0.24666666666666667,685,0.042335766423357665,0.11386861313868613,0.14306569343065692,0.0,True,264.82,932.0
2023,16478,kyle schwarber,Kyle Schwarber,PHI,0.175,0.299,0.24100000000000002,0.573,0.375,0.542,0.802,0.7020000000000001,0.11199999999999999,92.4,115.2,0.488,0.16399999999999998,0.374,19.0,0.344,0.495,0.161,0.539,0.314,0.147,30.5,720.0,30.0,2024,38,110,104,5,0.24781849912739964,692,0.05491329479768786,0.15895953757225434,0.15028901734104047,0.0072254335260115606,True,277.63,794.0
2023,24610,steven kwan,Steven Kwan,CLE,0.09699999999999999,0.10400000000000001,0.248,0.604,0.41,0.797,0.956,0.904,0.039,86.0,105.2,0.188,0.011000000000000001,0.374,10.7,0.45,0.297,0.253,0.3,0.386,0.314,30.5,718.0,25.0,2024,14,83,44,12,0.2916666666666667,540,0.025925925925925925,0.1537037037037037,0.08148148148148149,0.022222222222222223,True,264.37,563.0
2023,18360,austin riley,Austin Riley,ATL,0.083,0.24100000000000002,0.31,0.7190000000000001,0.48200000000000004,0.596,0.831,0.743,0.124,92.3,116.1,0.491,0.139,0.374,13.5,0.413,0.402,0.185,0.41100000000000003,0.358,0.23199999999999998,30.5,715.0,26.0,2024,19,63,56,0,0.2564705882352941,469,0.04051172707889126,0.13432835820895522,0.11940298507462686,0.0,True,218.72,932.0
2023,23697,julio rodriguez,Julio Rodriguez,SEA,0.066,0.245,0.41,0.73,0.5379999999999999,0.589,0.851,0.732,0.14400000000000002,92.7,116.7,0.52,0.11900000000000001,0.374,8.5,0.47600000000000003,0.33899999999999997,0.185,0.42,0.34299999999999997,0.237,30.5,714.0,22.0,2024,20,76,68,24,0.27336860670194,613,0.03262642740619902,0.12398042414355628,0.11092985318107668,0.03915171288743882,True,203.92,679.0
2023,20123,juan soto,Juan Soto,SDP,0.18600000000000003,0.182,0.2,0.602,0.35700000000000004,0.6759999999999999,0.899,0.823,0.063,93.2,115.3,0.5529999999999999,0.13,0.374,6.7,0.51,0.324,0.166,0.389,0.40399999999999997,0.207,30.5,708.0,24.0,2024,41,128,109,7,0.2881944444444444,713,0.05750350631136045,0.17952314165497896,0.15287517531556802,0.009817671809256662,True,306.49,696.0
2023,12552,eugenio suarez,Eugenio Suarez,SEA,0.10099999999999999,0.308,0.264,0.685,0.445,0.508,0.804,0.7040000000000001,0.132,90.3,111.1,0.43,0.132,0.374,18.9,0.33899999999999997,0.433,0.228,0.46799999999999997,0.332,0.2,30.5,694.0,31.0,2024,30,90,101,2,0.25569176882662,640,0.046875,0.140625,0.1578125,0.003125,True,216.67,679.0
2023,25764,bobby witt,Bobby Witt Jr.,KCR,0.057999999999999996,0.174,0.344,0.733,0.504,0.684,0.862,0.7909999999999999,0.105,90.7,113.8,0.456,0.115,0.374,15.7,0.38,0.435,0.184,0.37799999999999995,0.321,0.301,30.5,694.0,23.0,2024,32,125,109,31,0.33176100628930816,709,0.045133991537376586,0.1763046544428773,0.153737658674189,0.04372355430183357,True,204.94,623.0
2023,13611,mookie betts,Mookie Betts,LAD,0.139,0.154,0.2,0.63,0.381,0.643,0.9390000000000001,0.8490000000000001,0.057,92.4,110.1,0.485,0.124,0.374,20.6,0.278,0.485,0.237,0.46299999999999997,0.355,0.183,30.5,693.0,30.0,2024,19,75,75,16,0.28888888888888886,516,0.03682170542635659,0.14534883720930233,0.14534883720930233,0.031007751937984496,True,272.83,852.0
2023,16252,trea turner,Trea Turner,PHI,0.065,0.217,0.38299999999999995,0.7659999999999999,0.531,0.5589999999999999,0.846,0.7190000000000001,0.149,89.9,110.8,0.42200000000000004,0.084,0.374,13.0,0.396,0.39399999999999996,0.21,0.396,0.369,0.235,30.5,691.0,30.0,2024,21,88,62,19,0.29504950495049503,539,0.03896103896103896,0.16326530612244897,0.1150278293135436,0.03525046382189239,True,193.96,794.0
2023,13510,jose ramirez,Jose Ramirez,CLE,0.106,0.106,0.309,0.703,0.466,0.7490000000000001,0.925,0.855,0.067,90.0,111.6,0.40399999999999997,0.07,0.374,18.0,0.34700000000000003,0.428,0.22399999999999998,0.511,0.3,0.18899999999999997,30.5,691.0,30.0,2024,39,114,118,41,0.27903225806451615,682,0.05718475073313783,0.16715542521994134,0.17302052785923755,0.060117302052785926,True,250.49,563.0
2023,17919,ian happ,Ian Happ,CHC,0.14300000000000002,0.221,0.268,0.687,0.444,0.633,0.845,0.7709999999999999,0.102,89.9,112.6,0.39,0.09,0.374,13.0,0.41700000000000004,0.37,0.213,0.376,0.36700000000000005,0.256,30.5,691.0,28.0,2024,25,89,86,13,0.24253075571177504,657,0.0380517503805175,0.1354642313546423,0.1308980213089802,0.0197869101978691,True,258.64,790.0
2023,21479,nico hoerner,Nico Hoerner,CHC,0.071,0.121,0.335,0.613,0.45399999999999996,0.807,0.9470000000000001,0.888,0.051,86.6,109.2,0.33399999999999996,0.018000000000000002,0.374,10.5,0.469,0.341,0.191,0.315,0.397,0.28800000000000003,30.5,688.0,26.0,2024,7,86,48,31,0.27319587628865977,641,0.0109204368174727,0.13416536661466458,0.0748829953198128,0.0483619344773791,True,232.13,790.0
2023,12916,francisco lindor,Francisco Lindor,NYM,0.096,0.19899999999999998,0.305,0.73,0.48,0.6609999999999999,0.873,0.7929999999999999,0.099,91.2,112.4,0.439,0.10400000000000001,0.374,19.2,0.341,0.45799999999999996,0.201,0.46799999999999997,0.33299999999999996,0.19899999999999998,30.5,687.0,29.0,2024,33,107,91,29,0.27346278317152106,689,0.047895500725689405,0.15529753265602322,0.1320754716981132,0.0420899854862119,True,229.39,645.0
2023,26288,adley rutschman,Adley Rutschman,BAL,0.134,0.147,0.27,0.62,0.41,0.7709999999999999,0.924,0.863,0.055999999999999994,88.4,111.1,0.386,0.075,0.374,12.6,0.423,0.34600000000000003,0.23199999999999998,0.384,0.32299999999999995,0.293,30.5,687.0,25.0,2024,19,68,79,1,0.2504378283712785,638,0.029780564263322883,0.10658307210031348,0.1238244514106583,0.001567398119122257,True,269.92,772.0
2023,9218,paul goldschmidt,Paul Goldschmidt,STL,0.127,0.23399999999999999,0.29100000000000004,0.638,0.439,0.682,0.7979999999999999,0.754,0.10800000000000001,91.3,111.7,0.507,0.11900000000000001,0.374,12.8,0.41100000000000003,0.37200000000000005,0.21600000000000003,0.331,0.35200000000000004,0.317,30.5,687.0,35.0,2024,22,70,65,11,0.24540901502504173,654,0.03363914373088685,0.10703363914373089,0.09938837920489296,0.016819571865443424,True,242.65,681.0
2023,27465,spencer torkelson,Spencer Torkelson,DET,0.098,0.25,0.27699999999999997,0.7020000000000001,0.46299999999999997,0.621,0.855,0.7759999999999999,0.10300000000000001,91.8,112.7,0.507,0.141,0.374,17.2,0.345,0.46799999999999997,0.18600000000000003,0.47700000000000004,0.284,0.239,30.5,684.0,23.0,2024,10,45,37,0,0.21929824561403508,381,0.026246719160104987,0.11811023622047244,0.09711286089238845,0.0,True,226.27,623.0
2023,12856,george springer,George Springer,TOR,0.08800000000000001,0.183,0.275,0.7609999999999999,0.49200000000000005,0.634,0.8740000000000001,0.8,0.098,88.3,115.9,0.39799999999999996,0.077,0.374,12.0,0.442,0.354,0.204,0.395,0.36,0.244,30.5,683.0,33.0,2024,19,74,56,16,0.22018348623853212,614,0.030944625407166124,0.12052117263843648,0.09120521172638436,0.026058631921824105,True,224.02,740.0
2023,12927,brandon nimmo,Brandon Nimmo,NYM,0.109,0.214,0.24,0.645,0.423,0.648,0.8809999999999999,0.8079999999999999,0.081,91.8,112.0,0.479,0.095,0.374,12.1,0.41,0.392,0.198,0.341,0.33899999999999997,0.319,30.5,682.0,30.0,2024,23,88,90,15,0.22416812609457093,663,0.03469079939668175,0.13273001508295626,0.13574660633484162,0.02262443438914027,True,239.65,645.0
2023,19611,vladimir guerrero,Vladimir Guerrero Jr.,TOR,0.098,0.147,0.325,0.768,0.506,0.6459999999999999,0.873,0.787,0.10800000000000001,92.1,116.7,0.49200000000000005,0.111,0.374,10.5,0.462,0.354,0.184,0.423,0.35,0.22699999999999998,30.5,682.0,24.0,2024,30,98,103,2,0.32305194805194803,697,0.043041606886657105,0.1406025824964132,0.14777618364418937,0.0028694404591104736,True,227.86,740.0
2023,16939,lane thomas,Lane Thomas,WSN,0.053,0.258,0.306,0.621,0.436,0.644,0.897,0.7929999999999999,0.09,88.5,111.4,0.40700000000000003,0.096,0.374,10.8,0.44,0.373,0.187,0.512,0.29600000000000004,0.192,30.5,682.0,27.0,2024,15,65,63,32,0.23728813559322035,528,0.028409090909090908,0.12310606060606061,0.11931818181818182,0.06060606060606061,True,198.39,643.0
2023,13066,teoscar hernandez,Teoscar Hernandez,SEA,0.055999999999999994,0.311,0.385,0.7490000000000001,0.536,0.498,0.7909999999999999,0.669,0.17800000000000002,91.3,112.6,0.494,0.138,0.374,12.3,0.43200000000000005,0.373,0.195,0.382,0.363,0.254,30.5,678.0,30.0,2024,33,84,99,12,0.27164685908319186,652,0.05061349693251534,0.12883435582822086,0.15184049079754602,0.018404907975460124,True,174.04,679.0
2023,18345,kyle tucker,Kyle Tucker,HOU,0.11900000000000001,0.136,0.259,0.731,0.465,0.696,0.904,0.8390000000000001,0.075,90.2,110.1,0.45299999999999996,0.10400000000000001,0.374,14.8,0.384,0.425,0.191,0.449,0.32899999999999996,0.222,30.5,674.0,26.0,2024,23,56,49,11,0.2888086642599278,339,0.06784660766961652,0.16519174041297935,0.14454277286135694,0.032448377581120944,True,249.85,819.0
2023,16997,gleyber torres,Gleyber Torres,NYY,0.1,0.146,0.295,0.711,0.467,0.687,0.878,0.8079999999999999,0.09,89.7,112.4,0.40299999999999997,0.079,0.374,15.0,0.392,0.396,0.21100000000000002,0.366,0.384,0.25,30.5,672.0,26.0,2024,15,80,63,4,0.2572402044293015,665,0.022556390977443608,0.12030075187969924,0.09473684210526316,0.006015037593984963,True,230.09,611.0
2023,11737,nick castellanos,Nick Castellanos,PHI,0.054000000000000006,0.276,0.428,0.777,0.562,0.496,0.815,0.6659999999999999,0.187,88.9,111.2,0.43200000000000005,0.10300000000000001,0.374,14.4,0.41200000000000003,0.369,0.21899999999999997,0.479,0.293,0.228,30.5,671.0,31.0,2024,23,80,86,6,0.25412541254125415,659,0.03490136570561457,0.12139605462822459,0.13050075872534142,0.009104704097116844,True,170.3,794.0
2023,12161,xander bogaerts,Xander Bogaerts,SDP,0.084,0.165,0.28600000000000003,0.603,0.426,0.6859999999999999,0.883,0.809,0.081,87.6,111.4,0.34600000000000003,0.061,0.374,7.9,0.504,0.32899999999999996,0.16699999999999998,0.402,0.315,0.28300000000000003,30.5,665.0,30.0,2024,11,50,44,13,0.26401869158878505,463,0.023758099352051837,0.1079913606911447,0.09503239740820735,0.028077753779697623,True,217.26,696.0
2023,26323,spencer steer,Spencer Steer,CIN,0.102,0.209,0.27699999999999997,0.6509999999999999,0.43799999999999994,0.659,0.853,0.7829999999999999,0.095,88.7,110.6,0.371,0.067,0.374,15.4,0.376,0.43,0.195,0.436,0.322,0.242,30.5,665.0,25.0,2024,20,74,92,25,0.22473867595818817,656,0.03048780487804878,0.11280487804878049,0.1402439024390244,0.038109756097560975,True,224.04,774.0
2023,17982,ty france,Ty France,SEA,0.065,0.17600000000000002,0.379,0.747,0.532,0.638,0.915,0.799,0.107,87.5,112.7,0.386,0.068,0.374,13.7,0.418,0.348,0.23399999999999999,0.429,0.36700000000000005,0.204,30.5,665.0,28.0,2024,13,46,51,1,0.23382045929018788,535,0.024299065420560748,0.08598130841121496,0.09532710280373832,0.001869158878504673,True,202.63,679.0
2023,13419,christian walker,Christian Walker,ARI,0.094,0.192,0.304,0.74,0.485,0.586,0.852,0.755,0.11900000000000001,88.0,114.3,0.40299999999999997,0.114,0.374,15.8,0.382,0.449,0.168,0.428,0.33299999999999996,0.24,30.5,661.0,32.0,2024,26,72,84,2,0.25052192066805845,552,0.04710144927536232,0.13043478260869565,0.15217391304347827,0.0036231884057971015,True,211.85,680.0
2023,16556,ozzie albies,Ozzie Albies,ATL,0.07,0.162,0.38799999999999996,0.795,0.546,0.6970000000000001,0.9059999999999999,0.815,0.1,88.7,110.7,0.389,0.08199999999999999,0.374,16.4,0.37799999999999995,0.425,0.19699999999999998,0.545,0.302,0.153,30.5,660.0,26.0,2024,10,52,53,8,0.2506265664160401,435,0.022988505747126436,0.11954022988505747,0.12183908045977011,0.01839080459770115,True,207.57,932.0
2023,19251,pete alonso,Pete Alonso,NYM,0.099,0.22899999999999998,0.302,0.6409999999999999,0.43700000000000006,0.647,0.846,0.764,0.10300000000000001,89.5,115.7,0.401,0.147,0.374,18.1,0.366,0.47700000000000004,0.157,0.444,0.325,0.23,30.5,658.0,28.0,2024,34,91,88,3,0.24013157894736842,695,0.04892086330935252,0.13093525179856116,0.12661870503597122,0.004316546762589928,True,215.96,645.0
2023,14366,joey meneses,Joey Meneses,WSN,0.057999999999999996,0.198,0.34299999999999997,0.6709999999999999,0.47600000000000003,0.644,0.892,0.7859999999999999,0.102,89.4,110.8,0.41700000000000004,0.054000000000000006,0.374,9.4,0.486,0.312,0.20199999999999999,0.419,0.298,0.28300000000000003,30.5,657.0,31.0,2024,3,19,42,2,0.2313167259786477,313,0.009584664536741214,0.06070287539936102,0.134185303514377,0.006389776357827476,True,193.03,643.0
2023,17350,rafael devers,Rafael Devers,BOS,0.095,0.192,0.361,0.7909999999999999,0.525,0.708,0.7979999999999999,0.76,0.126,93.1,115.0,0.551,0.127,0.374,12.4,0.428,0.39299999999999996,0.18,0.41100000000000003,0.348,0.24100000000000002,30.5,656.0,26.0,2024,28,87,83,3,0.2723809523809524,601,0.04658901830282862,0.1447587354409318,0.13810316139767054,0.004991680532445923,True,211.89,706.0
2023,14551,anthony santander,Anthony Santander,BAL,0.084,0.23199999999999998,0.377,0.6779999999999999,0.491,0.708,0.8590000000000001,0.787,0.10400000000000001,90.6,113.0,0.46,0.102,0.374,20.2,0.35,0.49700000000000005,0.153,0.46,0.327,0.212,30.5,656.0,28.0,2024,44,91,102,2,0.23529411764705882,665,0.06616541353383458,0.1368421052631579,0.15338345864661654,0.0030075187969924814,True,209.99,772.0
2023,19290,randy arozarena,Randy Arozarena,TBR,0.122,0.239,0.3,0.635,0.43,0.637,0.789,0.7240000000000001,0.11900000000000001,91.7,114.3,0.483,0.12300000000000001,0.374,11.3,0.43,0.389,0.18100000000000002,0.41,0.363,0.228,30.5,654.0,28.0,2024,20,77,60,20,0.2185792349726776,648,0.030864197530864196,0.11882716049382716,0.09259259259259259,0.030864197530864196,True,221.84,856.0
2023,13613,ketel marte,Ketel Marte,ARI,0.109,0.168,0.27699999999999997,0.701,0.45399999999999996,0.67,0.89,0.812,0.085,91.1,117.1,0.428,0.08,0.374,10.7,0.44799999999999995,0.36200000000000004,0.19,0.441,0.344,0.215,30.5,650.0,29.0,2024,36,93,95,7,0.2916666666666667,583,0.06174957118353345,0.1595197255574614,0.16295025728987994,0.012006861063464836,True,229.19,680.0
2023,15362,jeff mcneil,Jeff McNeil,NYM,0.06,0.1,0.33799999999999997,0.7659999999999999,0.526,0.774,0.9359999999999999,0.878,0.064,86.0,109.0,0.27399999999999997,0.013000000000000001,0.374,14.4,0.41700000000000004,0.382,0.201,0.413,0.331,0.257,30.5,648.0,31.0,2024,12,57,44,5,0.23820754716981132,472,0.025423728813559324,0.12076271186440678,0.09322033898305085,0.01059322033898305,True,209.56,645.0
2023,25878,corbin carroll,Corbin Carroll,ARI,0.08800000000000001,0.19399999999999998,0.305,0.67,0.455,0.682,0.885,0.805,0.08900000000000001,90.0,113.8,0.409,0.076,0.374,11.0,0.439,0.371,0.19,0.42700000000000005,0.331,0.242,30.5,645.0,22.0,2024,22,121,74,35,0.23089983022071306,684,0.03216374269005848,0.17690058479532164,0.10818713450292397,0.05116959064327485,True,212.53,680.0
2023,26294,bryson stott,Bryson Stott,PHI,0.061,0.156,0.32299999999999995,0.589,0.445,0.8029999999999999,0.907,0.866,0.06,88.1,108.0,0.35200000000000004,0.047,0.374,10.1,0.46399999999999997,0.327,0.209,0.33,0.348,0.322,30.5,640.0,25.0,2024,11,65,57,32,0.2450592885375494,571,0.01926444833625219,0.1138353765323993,0.09982486865148861,0.05604203152364273,True,205.31,794.0
2023,19326,bryan reynolds,Bryan Reynolds,PIT,0.083,0.21600000000000003,0.302,0.7509999999999999,0.474,0.55,0.858,0.737,0.125,90.9,112.6,0.473,0.111,0.374,10.9,0.43,0.33,0.24,0.39399999999999996,0.33299999999999996,0.27399999999999997,30.5,640.0,28.0,2024,24,73,88,10,0.27491961414790994,692,0.03468208092485549,0.10549132947976879,0.12716763005780346,0.014450867052023121,True,194.62,594.0
2023,18314,dansby swanson,Dansby Swanson,CHC,0.10300000000000001,0.24100000000000002,0.284,0.733,0.474,0.613,0.7929999999999999,0.731,0.127,89.3,109.1,0.397,0.109,0.374,13.0,0.446,0.35100000000000003,0.203,0.46,0.35600000000000004,0.184,30.5,638.0,29.0,2024,16,82,66,19,0.24157303370786518,593,0.026981450252951095,0.13827993254637436,0.11129848229342328,0.03204047217537943,True,205.63,790.0
2023,15986,willy adames,Willy Adames,MIL,0.111,0.259,0.35600000000000004,0.736,0.499,0.565,0.835,0.715,0.142,87.4,109.8,0.364,0.124,0.374,18.2,0.36,0.447,0.193,0.46399999999999997,0.358,0.17800000000000002,30.5,638.0,27.0,2024,32,93,112,21,0.25081967213114753,688,0.046511627906976744,0.13517441860465115,0.16279069767441862,0.030523255813953487,True,207.67,647.0
2023,15491,jp crawford,J.P. Crawford,SEA,0.147,0.196,0.21899999999999997,0.604,0.385,0.6990000000000001,0.903,0.8370000000000001,0.063,88.3,110.1,0.36200000000000004,0.048,0.374,15.1,0.391,0.377,0.23199999999999998,0.43,0.35,0.22,30.5,638.0,28.0,2024,9,55,37,5,0.20153061224489796,451,0.019955654101995565,0.12195121951219512,0.082039911308204,0.011086474501108648,True,253.99,679.0
2023,19709,fernando tatis,Fernando Tatis Jr.,SDP,0.083,0.222,0.35700000000000004,0.8170000000000001,0.54,0.583,0.8029999999999999,0.716,0.153,91.9,113.4,0.493,0.11,0.374,11.0,0.47100000000000003,0.336,0.192,0.436,0.39,0.174,30.5,635.0,24.0,2024,21,64,49,11,0.27638190954773867,438,0.04794520547945205,0.1461187214611872,0.11187214611872145,0.02511415525114155,True,189.1,696.0
2023,21636,jeremy pena,Jeremy Pena,HOU,0.068,0.203,0.381,0.754,0.529,0.531,0.897,0.738,0.139,88.0,111.6,0.355,0.04,0.374,5.5,0.5429999999999999,0.266,0.191,0.449,0.34,0.21100000000000002,30.5,634.0,25.0,2024,15,78,70,20,0.26578073089701,650,0.023076923076923078,0.12,0.1076923076923077,0.03076923076923077,True,183.48,819.0
2023,11477,christian yelich,Christian Yelich,MIL,0.12300000000000001,0.222,0.28,0.703,0.45,0.597,0.853,0.758,0.109,91.7,113.5,0.501,0.092,0.374,3.5,0.573,0.22899999999999998,0.198,0.353,0.35,0.297,30.5,632.0,31.0,2024,11,44,42,21,0.3148148148148148,315,0.03492063492063492,0.13968253968253969,0.13333333333333333,0.06666666666666667,True,221.45,647.0
2023,19287,adolis garcia,Adolis Garcia,TEX,0.10300000000000001,0.27699999999999997,0.33,0.743,0.486,0.585,0.789,0.703,0.14400000000000002,92.1,115.1,0.49700000000000005,0.161,0.374,15.7,0.368,0.469,0.163,0.425,0.345,0.231,30.5,632.0,30.0,2024,25,68,85,11,0.22413793103448276,637,0.03924646781789639,0.10675039246467818,0.13343799058084774,0.01726844583987441,True,198.38,880.0
2023,15112,ryan mcmahon,Ryan McMahon,COL,0.10800000000000001,0.316,0.301,0.69,0.47200000000000003,0.5870000000000001,0.762,0.7,0.142,90.8,113.2,0.442,0.114,0.374,9.7,0.433,0.335,0.23199999999999998,0.34700000000000003,0.375,0.278,30.5,627.0,28.0,2024,20,68,65,4,0.24162257495590828,645,0.031007751937984496,0.10542635658914729,0.10077519379844961,0.006201550387596899,True,199.39,565.0
2023,5235,justin turner,Justin Turner,BOS,0.081,0.17600000000000002,0.29600000000000004,0.6509999999999999,0.45,0.732,0.91,0.843,0.07,89.5,108.2,0.39,0.057,0.374,16.4,0.35700000000000004,0.414,0.22899999999999998,0.41,0.326,0.264,30.5,626.0,38.0,2024,11,59,55,0,0.25869565217391305,539,0.02040816326530612,0.10946196660482375,0.10204081632653061,0.0,True,209.02,706.0
2023,19600,bryan de la cruz,Bryan De La Cruz,MIA,0.064,0.22699999999999998,0.358,0.72,0.5,0.636,0.805,0.732,0.134,89.9,111.0,0.424,0.08800000000000001,0.374,11.8,0.41,0.35700000000000004,0.233,0.382,0.36200000000000004,0.256,30.5,626.0,26.0,2024,21,61,68,5,0.2328767123287671,622,0.03376205787781351,0.09807073954983923,0.10932475884244373,0.008038585209003215,True,177.53,585.0
2023,27506,ha seong kim,Ha-seong Kim,SDP,0.12,0.198,0.23,0.5720000000000001,0.385,0.763,0.882,0.843,0.06,86.2,108.5,0.267,0.042,0.374,13.6,0.405,0.38799999999999996,0.20600000000000002,0.45,0.342,0.20800000000000002,30.5,626.0,27.0,2024,11,60,47,22,0.23325062034739455,470,0.023404255319148935,0.1276595744680851,0.1,0.04680851063829787,True,233.44,696.0
2023,26289,gunnar henderson,Gunnar Henderson,BAL,0.09,0.256,0.29,0.695,0.46799999999999997,0.624,0.8270000000000001,0.7559999999999999,0.114,92.0,113.8,0.52,0.114,0.374,11.4,0.45,0.359,0.191,0.39899999999999997,0.35100000000000003,0.25,30.5,622.0,22.0,2024,37,118,92,21,0.28095238095238095,719,0.05146036161335188,0.16411682892906815,0.12795549374130738,0.02920723226703755,True,197.05,772.0
2023,17901,andrew benintendi,Andrew Benintendi,CHW,0.084,0.14300000000000002,0.317,0.7090000000000001,0.488,0.7509999999999999,0.872,0.828,0.084,86.6,109.1,0.27,0.028999999999999998,0.374,14.5,0.391,0.34700000000000003,0.262,0.325,0.382,0.294,30.5,621.0,28.0,2024,20,50,64,3,0.22851153039832284,522,0.038314176245210725,0.09578544061302682,0.12260536398467432,0.005747126436781609,True,206.42,575.0
2023,2396,carlos santana,Carlos Santana,- - -,0.105,0.168,0.27399999999999997,0.7020000000000001,0.45299999999999996,0.691,0.851,0.795,0.09300000000000001,88.8,111.7,0.364,0.067,0.374,12.8,0.43799999999999994,0.38,0.182,0.493,0.309,0.198,30.5,619.0,37.0,2024,23,63,71,4,0.2380038387715931,594,0.03872053872053872,0.10606060606060606,0.11952861952861953,0.006734006734006734,True,212.63,673.0
2023,13145,josh bell,Josh Bell,- - -,0.102,0.217,0.311,0.735,0.47600000000000003,0.626,0.867,0.7709999999999999,0.109,90.1,114.0,0.428,0.1,0.374,9.3,0.483,0.341,0.175,0.457,0.32,0.22399999999999998,30.5,617.0,30.0,2024,19,62,71,0,0.24907063197026022,603,0.03150912106135987,0.10281923714759536,0.11774461028192372,0.0,True,205.65,673.0
2023,18568,luis arraez,Luis Arraez,MIA,0.057,0.055,0.35700000000000004,0.688,0.508,0.914,0.953,0.938,0.031,88.3,104.0,0.257,0.035,0.374,11.4,0.429,0.287,0.285,0.29600000000000004,0.392,0.313,30.5,617.0,26.0,2024,4,83,46,9,0.3139717425431711,672,0.005952380952380952,0.12351190476190477,0.06845238095238096,0.013392857142857142,True,208.79,585.0
2023,19950,andres gimenez,Andres Gimenez,CLE,0.052000000000000005,0.182,0.42700000000000005,0.7040000000000001,0.539,0.6890000000000001,0.8440000000000001,0.7709999999999999,0.12300000000000001,84.8,108.8,0.27,0.055,0.374,13.1,0.45299999999999996,0.373,0.174,0.431,0.32299999999999995,0.24600000000000002,30.5,616.0,24.0,2024,9,64,63,30,0.2521440823327616,633,0.014218009478672985,0.10110584518167456,0.0995260663507109,0.04739336492890995,True,174.51,563.0
2023,26197,andrew vaughn,Andrew Vaughn,CHW,0.059000000000000004,0.21,0.349,0.6659999999999999,0.475,0.64,0.894,0.7809999999999999,0.10400000000000001,90.6,111.7,0.465,0.084,0.374,11.2,0.444,0.36,0.196,0.39399999999999996,0.337,0.26899999999999996,30.5,615.0,25.0,2024,19,55,70,2,0.24561403508771928,619,0.030694668820678513,0.0888529886914378,0.11308562197092084,0.0032310177705977385,True,180.38,575.0
2023,24064,ezequiel tovar,Ezequiel Tovar,COL,0.040999999999999995,0.27,0.45399999999999996,0.81,0.593,0.557,0.847,0.7120000000000001,0.171,88.0,109.8,0.36200000000000004,0.081,0.374,12.6,0.42700000000000005,0.33799999999999997,0.235,0.336,0.39299999999999996,0.271,30.5,615.0,21.0,2024,26,83,78,6,0.2687022900763359,695,0.03741007194244604,0.11942446043165468,0.11223021582733812,0.008633093525179856,True,156.58,565.0
2023,25768,cj abrams,CJ Abrams,WSN,0.052000000000000005,0.192,0.386,0.723,0.53,0.7,0.879,0.805,0.10300000000000001,87.4,112.5,0.359,0.069,0.374,13.5,0.43700000000000006,0.381,0.182,0.375,0.38799999999999996,0.237,30.5,614.0,22.0,2024,20,79,65,31,0.24584103512014788,602,0.03322259136212625,0.13122923588039867,0.1079734219269103,0.05149501661129568,True,180.21,643.0
2023,9777,nolan arenado,Nolan Arenado,STL,0.067,0.165,0.368,0.6709999999999999,0.485,0.6890000000000001,0.919,0.812,0.091,88.8,110.3,0.381,0.073,0.374,16.9,0.38799999999999996,0.405,0.20800000000000002,0.501,0.304,0.195,30.5,612.0,32.0,2024,16,70,71,2,0.27162629757785467,635,0.025196850393700787,0.11023622047244094,0.11181102362204724,0.0031496062992125984,True,190.09,681.0
2023,21618,alec bohm,Alec Bohm,PHI,0.069,0.154,0.34299999999999997,0.701,0.499,0.746,0.907,0.8440000000000001,0.078,89.4,109.3,0.41700000000000004,0.057,0.374,11.1,0.423,0.33799999999999997,0.23800000000000002,0.302,0.40399999999999997,0.294,30.5,611.0,26.0,2024,15,62,97,5,0.27978339350180503,606,0.024752475247524754,0.10231023102310231,0.16006600660066006,0.00825082508250825,True,196.86,794.0
2023,20503,william contreras,William Contreras,MIL,0.10300000000000001,0.20600000000000002,0.27899999999999997,0.6409999999999999,0.43200000000000005,0.619,0.816,0.742,0.111,91.3,113.9,0.48700000000000004,0.094,0.374,4.6,0.55,0.28800000000000003,0.161,0.34299999999999997,0.391,0.266,30.5,611.0,25.0,2024,23,99,92,9,0.280672268907563,679,0.033873343151693665,0.14580265095729014,0.13549337260677466,0.013254786450662739,True,198.94,647.0
2023,17027,alex verdugo,Alex Verdugo,BOS,0.075,0.154,0.252,0.586,0.408,0.7020000000000001,0.943,0.863,0.055999999999999994,89.2,112.4,0.376,0.05,0.374,8.8,0.452,0.33799999999999997,0.21,0.382,0.373,0.245,30.5,602.0,27.0,2024,13,74,61,2,0.23255813953488372,621,0.020933977455716585,0.11916264090177134,0.09822866344605476,0.00322061191626409,True,201.01,706.0
2023,22197,mj melendez,MJ Melendez,KCR,0.10300000000000001,0.282,0.298,0.7240000000000001,0.478,0.5429999999999999,0.768,0.687,0.149,93.2,113.2,0.496,0.114,0.374,16.9,0.36,0.436,0.204,0.45799999999999996,0.324,0.218,30.5,602.0,24.0,2024,17,44,44,4,0.20631067961165048,451,0.037694013303769404,0.0975609756097561,0.0975609756097561,0.008869179600886918,True,186.08,623.0
2023,11493,manny machado,Manny Machado,SDP,0.083,0.18100000000000002,0.32,0.727,0.493,0.637,0.8590000000000001,0.7759999999999999,0.11,91.0,114.5,0.45899999999999996,0.105,0.374,15.0,0.402,0.445,0.152,0.384,0.35,0.266,30.5,601.0,30.0,2024,29,77,105,11,0.2748735244519393,643,0.04510108864696734,0.11975116640746501,0.16329704510108864,0.017107309486780714,True,189.8,696.0
2023,27647,anthony volpe,Anthony Volpe,NYY,0.087,0.278,0.32,0.685,0.47600000000000003,0.5770000000000001,0.8390000000000001,0.738,0.125,88.7,108.7,0.43,0.09,0.374,14.2,0.41100000000000003,0.371,0.218,0.456,0.324,0.22,30.5,601.0,22.0,2024,12,90,60,28,0.24332810047095763,689,0.01741654571843251,0.13062409288824384,0.08708272859216255,0.040638606676342524,True,185.35,611.0
2023,19612,bo bichette,Bo Bichette,TOR,0.045,0.191,0.408,0.784,0.5660000000000001,0.6940000000000001,0.907,0.818,0.10300000000000001,90.2,113.4,0.449,0.096,0.374,6.2,0.461,0.265,0.27399999999999997,0.27,0.325,0.406,30.5,601.0,25.0,2024,4,29,31,5,0.22508038585209003,336,0.011904761904761904,0.08630952380952381,0.09226190476190477,0.01488095238095238,True,174.53,740.0
2023,16578,yandy diaz,Yandy Diaz,TBR,0.10800000000000001,0.157,0.228,0.685,0.426,0.6809999999999999,0.9009999999999999,0.8340000000000001,0.07,93.4,114.5,0.54,0.095,0.374,5.7,0.52,0.28600000000000003,0.19399999999999998,0.314,0.41100000000000003,0.275,30.5,600.0,31.0,2024,14,55,65,0,0.28063943161634103,621,0.02254428341384863,0.08856682769726248,0.10466988727858294,0.0,True,214.92,856.0
2023,19755,shohei ohtani,Shohei Ohtani,LAA,0.152,0.239,0.33299999999999996,0.7070000000000001,0.48,0.565,0.8140000000000001,0.7090000000000001,0.139,94.4,118.6,0.5329999999999999,0.193,0.374,13.2,0.423,0.395,0.182,0.389,0.361,0.249,30.5,599.0,28.0,2024,54,134,130,59,0.30974842767295596,731,0.07387140902872777,0.18331053351573187,0.17783857729138167,0.08071135430916553,True,218.46,612.0
2023,20043,luis robert,Luis Robert Jr.,CHW,0.05,0.289,0.433,0.799,0.58,0.518,0.8190000000000001,0.685,0.183,89.1,113.6,0.41700000000000004,0.152,0.374,16.1,0.364,0.439,0.19699999999999998,0.46799999999999997,0.303,0.22899999999999998,30.5,595.0,25.0,2024,14,47,35,23,0.22391857506361323,425,0.03294117647058824,0.11058823529411765,0.08235294117647059,0.05411764705882353,True,152.02,575.0
2023,15676,jose abreu,Jose Abreu,HOU,0.071,0.21899999999999997,0.389,0.6629999999999999,0.502,0.642,0.856,0.758,0.121,89.0,113.3,0.41600000000000004,0.087,0.374,10.8,0.45,0.363,0.188,0.33899999999999997,0.40399999999999997,0.257,30.5,594.0,36.0,2024,2,10,7,0,0.12389380530973451,120,0.016666666666666666,0.08333333333333333,0.058333333333333334,0.0,True,177.25,819.0
2023,11281,whit merrifield,Whit Merrifield,TOR,0.061,0.171,0.364,0.701,0.509,0.741,0.877,0.821,0.091,85.1,106.1,0.243,0.024,0.374,14.4,0.40399999999999997,0.375,0.222,0.34299999999999997,0.37799999999999995,0.27899999999999997,30.5,592.0,34.0,2024,4,44,15,17,0.22184300341296928,335,0.011940298507462687,0.13134328358208955,0.04477611940298507,0.050746268656716415,True,181.92,740.0
2023,10324,marcell ozuna,Marcell Ozuna,ATL,0.096,0.226,0.325,0.718,0.485,0.595,0.851,0.7490000000000001,0.122,91.8,115.3,0.49,0.166,0.374,15.6,0.397,0.40700000000000003,0.196,0.43200000000000005,0.28600000000000003,0.281,30.5,592.0,32.0,2024,39,96,104,1,0.30198019801980197,688,0.056686046511627904,0.13953488372093023,0.1511627906976744,0.0014534883720930232,True,189.85,932.0
2023,19238,lourdes gurriel,Lourdes Gurriel Jr.,ARI,0.055999999999999994,0.174,0.33399999999999996,0.7,0.49,0.6990000000000001,0.9229999999999999,0.835,0.081,89.7,108.9,0.46,0.084,0.374,10.6,0.431,0.35600000000000004,0.213,0.4,0.349,0.251,30.5,592.0,29.0,2024,18,72,75,7,0.2787524366471735,553,0.0325497287522604,0.1301989150090416,0.13562386980108498,0.012658227848101266,True,181.45,680.0
2023,15653,dominic smith,Dominic Smith,WSN,0.08,0.155,0.33899999999999997,0.6970000000000001,0.49,0.73,0.875,0.8170000000000001,0.09,86.3,108.3,0.308,0.066,0.374,12.8,0.425,0.374,0.201,0.384,0.35200000000000004,0.265,30.5,586.0,28.0,2024,6,33,34,1,0.23272727272727273,307,0.019543973941368076,0.10749185667752444,0.11074918566775244,0.003257328990228013,True,190.51,643.0
2023,30116,seiya suzuki,Seiya Suzuki,CHC,0.10099999999999999,0.223,0.235,0.624,0.409,0.6859999999999999,0.865,0.8079999999999999,0.078,91.4,114.6,0.48,0.105,0.374,10.8,0.431,0.344,0.22399999999999998,0.39799999999999996,0.37799999999999995,0.22399999999999998,30.5,583.0,28.0,2024,21,74,73,16,0.283203125,585,0.035897435897435895,0.1264957264957265,0.12478632478632479,0.02735042735042735,True,200.2,790.0
2023,19918,daulton varsho,Daulton Varsho,TOR,0.077,0.23199999999999998,0.324,0.711,0.494,0.64,0.871,0.7859999999999999,0.105,87.8,112.5,0.36,0.073,0.374,20.5,0.325,0.47200000000000003,0.203,0.508,0.263,0.23,30.5,581.0,26.0,2024,18,73,58,10,0.21350762527233116,513,0.03508771929824561,0.14230019493177387,0.11306042884990253,0.01949317738791423,True,181.74,740.0
2023,16505,matt chapman,Matt Chapman,TOR,0.107,0.284,0.225,0.6920000000000001,0.433,0.598,0.7829999999999999,0.73,0.11699999999999999,93.4,114.3,0.564,0.171,0.374,18.5,0.35,0.494,0.156,0.39299999999999996,0.373,0.23399999999999999,30.5,581.0,30.0,2024,27,98,78,15,0.24695652173913044,647,0.04173106646058733,0.15146831530139104,0.1205564142194745,0.023183925811437404,True,189.41,740.0
2023,14162,carlos correa,Carlos Correa,MIN,0.102,0.226,0.301,0.638,0.436,0.638,0.8690000000000001,0.774,0.099,90.4,114.2,0.45899999999999996,0.096,0.374,10.6,0.45899999999999996,0.33899999999999997,0.20199999999999999,0.386,0.355,0.259,30.5,580.0,28.0,2024,14,55,54,0,0.3103448275862069,367,0.03814713896457766,0.14986376021798364,0.14713896457765668,0.0,True,193.84,768.0
2023,31837,masataka yoshida,Masataka Yoshida,BOS,0.059000000000000004,0.14,0.293,0.599,0.433,0.7340000000000001,0.887,0.831,0.073,89.0,112.3,0.406,0.066,0.374,3.9,0.546,0.26899999999999996,0.18600000000000003,0.365,0.35200000000000004,0.284,30.5,580.0,29.0,2024,10,45,56,2,0.2804232804232804,421,0.023752969121140142,0.10688836104513064,0.1330166270783848,0.004750593824228029,True,178.81,706.0
2023,7304,salvador perez,Salvador Perez,KCR,0.033,0.233,0.495,0.775,0.601,0.602,0.8390000000000001,0.7170000000000001,0.17,90.1,113.1,0.43799999999999994,0.087,0.374,15.6,0.363,0.409,0.22899999999999998,0.436,0.33299999999999996,0.231,30.5,580.0,33.0,2024,27,58,104,0,0.2711864406779661,652,0.04141104294478527,0.08895705521472393,0.15950920245398773,0.0,True,143.9,623.0
2023,14221,jorge soler,Jorge Soler,MIA,0.114,0.243,0.292,0.687,0.441,0.601,0.8540000000000001,0.75,0.11,91.3,114.8,0.48,0.15,0.374,17.8,0.35700000000000004,0.46299999999999997,0.18,0.46299999999999997,0.35100000000000003,0.185,30.5,580.0,31.0,2024,21,84,64,1,0.2413793103448276,574,0.036585365853658534,0.14634146341463414,0.11149825783972125,0.0017421602787456446,True,196.62,585.0
2023,13301,max muncy,Max Muncy,LAD,0.147,0.264,0.26,0.596,0.392,0.578,0.8140000000000001,0.7190000000000001,0.11,91.2,111.1,0.466,0.146,0.374,21.7,0.33399999999999996,0.493,0.17300000000000001,0.531,0.284,0.185,30.5,579.0,32.0,2024,15,47,48,1,0.2320675105485232,293,0.051194539249146756,0.16040955631399317,0.16382252559726962,0.0034129692832764505,True,210.0,852.0
2023,13621,jeimer candelario,Jeimer Candelario,- - -,0.092,0.22,0.32,0.6990000000000001,0.473,0.654,0.872,0.784,0.102,88.3,111.3,0.363,0.078,0.374,14.1,0.401,0.406,0.19399999999999998,0.455,0.319,0.225,30.5,576.0,29.0,2024,20,47,56,4,0.22482435597189696,463,0.04319654427645788,0.10151187904967603,0.12095032397408208,0.008639308855291577,True,188.47,673.0
2023,20036,isaac paredes,Isaac Paredes,TBR,0.102,0.182,0.32,0.6779999999999999,0.457,0.716,0.9129999999999999,0.828,0.079,86.9,107.7,0.285,0.059000000000000004,0.374,22.1,0.319,0.47,0.21100000000000002,0.545,0.275,0.18,30.5,571.0,24.0,2024,19,64,80,1,0.23800738007380073,641,0.029641185647425898,0.0998439937597504,0.12480499219968799,0.0015600624024961,True,200.08,856.0
2023,21534,cal raleigh,Cal Raleigh,SEA,0.095,0.278,0.345,0.725,0.49700000000000005,0.596,0.8059999999999999,0.7190000000000001,0.14,89.5,113.7,0.41,0.126,0.374,20.3,0.315,0.486,0.19899999999999998,0.511,0.289,0.19899999999999998,30.5,569.0,26.0,2024,34,73,100,6,0.21978021978021978,628,0.054140127388535034,0.11624203821656051,0.1592356687898089,0.009554140127388535,True,176.79,679.0
2023,24770,james outman,James Outman,LAD,0.12,0.319,0.281,0.7170000000000001,0.45899999999999996,0.456,0.784,0.6659999999999999,0.153,87.9,111.4,0.39899999999999997,0.111,0.374,15.7,0.375,0.41100000000000003,0.214,0.49,0.29100000000000004,0.21899999999999997,30.5,567.0,26.0,2024,4,12,11,2,0.14705882352941177,156,0.02564102564102564,0.07692307692307693,0.07051282051282051,0.01282051282051282,True,181.33,852.0
2023,19363,austin hays,Austin Hays,BAL,0.067,0.249,0.335,0.653,0.465,0.5589999999999999,0.867,0.735,0.12300000000000001,89.4,111.0,0.401,0.08900000000000001,0.374,10.4,0.451,0.38,0.16899999999999998,0.406,0.35200000000000004,0.242,30.5,566.0,27.0,2024,5,26,20,2,0.2553191489361702,255,0.0196078431372549,0.10196078431372549,0.0784313725490196,0.00784313725490196,True,162.72,772.0
2023,19610,keibert ruiz,Keibert Ruiz,WSN,0.055,0.10300000000000001,0.39399999999999996,0.67,0.511,0.784,0.94,0.87,0.066,87.4,110.1,0.319,0.057999999999999996,0.374,15.3,0.385,0.392,0.223,0.45799999999999996,0.33799999999999997,0.203,30.5,562.0,24.0,2024,13,46,57,3,0.22875816993464052,485,0.026804123711340205,0.09484536082474226,0.11752577319587629,0.006185567010309278,True,177.59,643.0
2023,9874,dj lemahieu,DJ LeMahieu,NYY,0.107,0.222,0.259,0.5589999999999999,0.392,0.7020000000000001,0.898,0.826,0.068,89.6,111.2,0.43,0.059000000000000004,0.374,3.8,0.55,0.26,0.19,0.345,0.374,0.281,30.5,562.0,34.0,2024,2,19,26,0,0.20398009950248755,228,0.008771929824561403,0.08333333333333333,0.11403508771929824,0.0,True,199.4,611.0
2023,15998,cody bellinger,Cody Bellinger,CHC,0.07200000000000001,0.156,0.353,0.687,0.499,0.72,0.8740000000000001,0.812,0.09300000000000001,87.9,109.2,0.314,0.061,0.374,17.2,0.358,0.434,0.20800000000000002,0.436,0.373,0.191,30.5,556.0,27.0,2024,18,72,78,9,0.2655038759689923,569,0.03163444639718805,0.1265377855887522,0.13708260105448156,0.015817223198594025,True,175.47,790.0
2023,19522,tj friedl,TJ Friedl,CIN,0.085,0.162,0.27699999999999997,0.581,0.41200000000000003,0.715,0.905,0.8340000000000001,0.068,86.7,107.1,0.276,0.032,0.374,16.1,0.385,0.419,0.196,0.445,0.335,0.22,30.5,556.0,27.0,2024,13,35,55,9,0.2255892255892256,341,0.03812316715542522,0.10263929618768329,0.16129032258064516,0.026392961876832845,True,186.37,774.0
2023,18564,trent grisham,Trent Grisham,SDP,0.135,0.27699999999999997,0.243,0.617,0.41,0.61,0.82,0.7509999999999999,0.102,90.3,112.3,0.39899999999999997,0.11800000000000001,0.374,18.3,0.353,0.428,0.21899999999999997,0.428,0.353,0.21899999999999997,30.5,555.0,26.0,2024,9,21,31,1,0.18994413407821228,209,0.0430622009569378,0.10047846889952153,0.14832535885167464,0.004784688995215311,True,199.97,696.0
2023,18900,leody taveras,Leody Taveras,TEX,0.063,0.21100000000000002,0.32299999999999995,0.716,0.491,0.621,0.8690000000000001,0.775,0.11,90.1,112.2,0.431,0.07200000000000001,0.374,10.1,0.442,0.337,0.221,0.302,0.39899999999999997,0.299,30.5,554.0,24.0,2024,12,59,44,23,0.22916666666666666,529,0.022684310018903593,0.11153119092627599,0.0831758034026465,0.043478260869565216,True,163.71,880.0
2023,19197,will smith,Will Smith,LAD,0.114,0.161,0.284,0.7020000000000001,0.457,0.7709999999999999,0.861,0.828,0.078,89.3,110.8,0.41600000000000004,0.067,0.374,15.6,0.37200000000000005,0.439,0.18899999999999997,0.377,0.344,0.27899999999999997,30.5,554.0,28.0,2024,20,77,75,1,0.24789915966386555,544,0.03676470588235294,0.14154411764705882,0.13786764705882354,0.001838235294117647,True,200.77,852.0
2023,15464,hunter renfroe,Hunter Renfroe,- - -,0.08,0.228,0.363,0.726,0.509,0.624,0.858,0.758,0.12300000000000001,88.3,113.2,0.38799999999999996,0.061,0.374,15.0,0.426,0.402,0.17300000000000001,0.49200000000000005,0.324,0.184,30.5,548.0,31.0,2024,15,44,52,1,0.22857142857142856,424,0.03537735849056604,0.10377358490566038,0.12264150943396226,0.0023584905660377358,True,168.46,673.0
2023,12979,javier baez,Javier Baez,DET,0.044000000000000004,0.22899999999999998,0.46,0.693,0.547,0.5820000000000001,0.82,0.695,0.16699999999999998,88.0,113.1,0.39299999999999996,0.051,0.374,9.3,0.499,0.32,0.18100000000000002,0.402,0.361,0.237,30.5,547.0,30.0,2024,6,25,37,8,0.18382352941176472,289,0.020761245674740483,0.08650519031141868,0.12802768166089964,0.02768166089965398,True,138.12,623.0
2023,11579,bryce harper,Bryce Harper,PHI,0.147,0.218,0.366,0.7959999999999999,0.512,0.528,0.831,0.688,0.16,91.8,115.7,0.46799999999999997,0.152,0.374,9.0,0.447,0.305,0.249,0.374,0.371,0.254,30.5,546.0,30.0,2024,30,85,87,7,0.28545454545454546,631,0.04754358161648178,0.1347068145800317,0.13787638668779714,0.011093502377179081,True,192.96,794.0
2023,16219,jd davis,J.D. Davis,SFG,0.095,0.278,0.303,0.828,0.53,0.49,0.782,0.687,0.165,91.1,111.3,0.449,0.095,0.374,7.8,0.527,0.275,0.198,0.413,0.332,0.254,30.5,546.0,30.0,2024,4,13,6,0,0.21830985915492956,157,0.025477707006369428,0.08280254777070063,0.03821656050955414,0.0,True,164.4,669.0
2023,15518,amed rosario,Amed Rosario,- - -,0.053,0.182,0.429,0.6990000000000001,0.534,0.685,0.8809999999999999,0.785,0.114,88.3,110.5,0.39399999999999996,0.034,0.374,7.6,0.478,0.314,0.20800000000000002,0.32899999999999996,0.396,0.275,30.5,545.0,27.0,2024,3,29,32,13,0.28012048192771083,346,0.008670520231213872,0.0838150289017341,0.09248554913294797,0.03757225433526012,True,157.23,673.0
2023,11739,jt realmuto,J.T. Realmuto,PHI,0.065,0.256,0.341,0.72,0.503,0.638,0.8340000000000001,0.758,0.122,89.8,110.6,0.43,0.11199999999999999,0.374,16.6,0.376,0.424,0.19899999999999998,0.433,0.32899999999999996,0.239,30.5,540.0,32.0,2024,14,50,47,2,0.2657894736842105,413,0.03389830508474576,0.12106537530266344,0.11380145278450363,0.004842615012106538,True,157.9,794.0
2023,22275,jake burger,Jake Burger,- - -,0.059000000000000004,0.276,0.413,0.722,0.54,0.506,0.826,0.6829999999999999,0.171,91.9,118.2,0.496,0.16699999999999998,0.374,12.2,0.429,0.386,0.184,0.49,0.32899999999999996,0.182,30.5,540.0,27.0,2024,29,68,76,1,0.2504672897196262,579,0.05008635578583765,0.11744386873920552,0.13126079447322972,0.0017271157167530224,True,142.51,673.0
2023,25931,michael harris,Michael Harris II,ATL,0.046,0.187,0.41600000000000004,0.682,0.527,0.6829999999999999,0.862,0.78,0.11599999999999999,90.9,113.9,0.485,0.1,0.374,7.6,0.47200000000000003,0.306,0.222,0.358,0.37,0.272,30.5,539.0,22.0,2024,16,58,48,10,0.2636363636363636,470,0.03404255319148936,0.12340425531914893,0.10212765957446808,0.02127659574468085,True,150.92,932.0
2023,13624,corey seager,Corey Seager,TEX,0.091,0.16399999999999998,0.336,0.855,0.551,0.551,0.895,0.772,0.126,93.3,114.4,0.532,0.152,0.374,13.0,0.4,0.397,0.203,0.415,0.344,0.24100000000000002,30.5,536.0,29.0,2024,30,68,74,1,0.27789473684210525,533,0.05628517823639775,0.1275797373358349,0.13883677298311445,0.001876172607879925,True,172.91,880.0
2023,22244,jack suwinski,Jack Suwinski,PIT,0.14,0.322,0.22,0.625,0.389,0.527,0.8140000000000001,0.72,0.109,90.5,114.7,0.434,0.157,0.374,22.3,0.27899999999999997,0.536,0.18600000000000003,0.41600000000000004,0.36700000000000005,0.217,30.5,534.0,24.0,2024,9,29,26,9,0.18218623481781376,277,0.032490974729241874,0.10469314079422383,0.09386281588447654,0.032490974729241874,True,190.1,594.0
2023,13185,orlando arcia,Orlando Arcia,ATL,0.073,0.191,0.287,0.688,0.461,0.643,0.8440000000000001,0.773,0.10400000000000001,88.2,109.4,0.41100000000000003,0.069,0.374,5.4,0.537,0.29600000000000004,0.16699999999999998,0.43200000000000005,0.342,0.226,30.5,533.0,28.0,2024,17,50,46,2,0.2177858439201452,602,0.02823920265780731,0.08305647840531562,0.07641196013289037,0.0033222591362126247,True,162.51,932.0
2023,16426,thairo estrada,Thairo Estrada,SFG,0.042,0.226,0.4,0.6779999999999999,0.511,0.657,0.9209999999999999,0.7959999999999999,0.10400000000000001,85.9,110.5,0.337,0.048,0.374,10.8,0.441,0.349,0.21100000000000002,0.47700000000000004,0.302,0.22,30.5,530.0,27.0,2024,9,43,47,2,0.21703296703296704,381,0.023622047244094488,0.11286089238845144,0.12335958005249344,0.005249343832020997,True,148.82,669.0
2023,21558,matt vierling,Matt Vierling,DET,0.083,0.21100000000000002,0.306,0.613,0.442,0.7340000000000001,0.9009999999999999,0.836,0.07200000000000001,89.1,113.0,0.425,0.046,0.374,9.1,0.485,0.308,0.207,0.33899999999999997,0.33299999999999996,0.32799999999999996,30.5,530.0,26.0,2024,16,80,57,6,0.25675675675675674,567,0.02821869488536155,0.14109347442680775,0.10052910052910052,0.010582010582010581,True,176.91,623.0
2023,21523,jonathan india,Jonathan India,CIN,0.098,0.20600000000000002,0.222,0.596,0.385,0.627,0.878,0.7959999999999999,0.078,89.5,111.4,0.386,0.077,0.374,15.2,0.389,0.395,0.21600000000000003,0.429,0.31,0.261,30.5,529.0,26.0,2024,15,84,58,13,0.24765478424015008,637,0.023547880690737835,0.13186813186813187,0.09105180533751962,0.02040816326530612,True,178.17,774.0
2023,19470,tommy edman,Tommy Edman,STL,0.066,0.159,0.311,0.636,0.456,0.716,0.941,0.856,0.066,89.1,111.2,0.38799999999999996,0.05,0.374,7.5,0.51,0.322,0.168,0.43,0.363,0.20600000000000002,30.5,528.0,28.0,2024,6,20,20,6,0.23741007194244604,153,0.0392156862745098,0.13071895424836602,0.13071895424836602,0.0392156862745098,True,170.44,681.0
2023,19627,brent rooker,Brent Rooker,OAK,0.09300000000000001,0.327,0.32,0.664,0.461,0.449,0.7859999999999999,0.649,0.162,91.6,112.6,0.495,0.156,0.374,17.6,0.336,0.47100000000000003,0.193,0.342,0.41,0.247,30.5,526.0,28.0,2024,39,82,112,11,0.29304029304029305,614,0.06351791530944625,0.13355048859934854,0.18241042345276873,0.017915309446254073,True,151.33,531.0
2023,11680,elias diaz,Elias Diaz,COL,0.065,0.22399999999999998,0.39799999999999996,0.782,0.5479999999999999,0.606,0.852,0.7440000000000001,0.14,88.1,111.7,0.384,0.062,0.374,12.7,0.46799999999999997,0.36,0.172,0.42700000000000005,0.35200000000000004,0.22,30.5,526.0,32.0,2024,6,27,39,0,0.26461538461538464,351,0.017094017094017096,0.07692307692307693,0.1111111111111111,0.0,True,151.59,565.0
2023,18577,kebryan hayes,Ke'Bryan Hayes,PIT,0.053,0.198,0.33299999999999996,0.627,0.455,0.6559999999999999,0.924,0.81,0.086,92.2,113.1,0.483,0.07400000000000001,0.374,13.2,0.418,0.39,0.191,0.31,0.374,0.316,30.5,525.0,26.0,2024,4,38,25,11,0.2328767123287671,396,0.010101010101010102,0.09595959595959595,0.06313131313131314,0.027777777777777776,True,155.4,594.0
2023,15172,tim anderson,Tim Anderson,CHW,0.05,0.233,0.386,0.726,0.535,0.6409999999999999,0.856,0.769,0.12300000000000001,87.8,109.6,0.39399999999999996,0.028999999999999998,0.374,2.0,0.611,0.16899999999999998,0.22,0.335,0.386,0.27899999999999997,30.5,524.0,30.0,2024,0,16,9,4,0.21367521367521367,241,0.0,0.06639004149377593,0.03734439834024896,0.016597510373443983,True,147.09,575.0
2023,11615,brandon drury,Brandon Drury,LAA,0.048,0.26,0.38299999999999995,0.706,0.517,0.564,0.84,0.72,0.14400000000000002,89.9,112.5,0.46299999999999997,0.11,0.374,11.8,0.424,0.384,0.192,0.415,0.35600000000000004,0.22899999999999998,30.5,523.0,30.0,2024,4,28,15,1,0.16923076923076924,360,0.011111111111111112,0.07777777777777778,0.041666666666666664,0.002777777777777778,True,138.07,612.0
2023,18036,jake cronenworth,Jake Cronenworth,SDP,0.08800000000000001,0.18600000000000003,0.31,0.6729999999999999,0.473,0.7490000000000001,0.9309999999999999,0.866,0.064,87.4,108.4,0.332,0.043,0.374,15.2,0.37200000000000005,0.406,0.222,0.36200000000000004,0.371,0.267,30.5,522.0,29.0,2024,17,72,83,5,0.24090121317157712,656,0.025914634146341462,0.10975609756097561,0.12652439024390244,0.007621951219512195,True,181.55,696.0
2023,10815,jurickson profar,Jurickson Profar,- - -,0.096,0.17300000000000001,0.27699999999999997,0.7240000000000001,0.47100000000000003,0.664,0.897,0.8190000000000001,0.085,86.5,108.8,0.317,0.04,0.374,14.8,0.401,0.37200000000000005,0.22699999999999998,0.447,0.337,0.217,30.5,521.0,30.0,2024,24,94,85,10,0.2801418439716312,668,0.03592814371257485,0.1407185628742515,0.12724550898203593,0.014970059880239521,True,178.03,673.0
2023,18126,lamonte wade,LaMonte Wade Jr.,SFG,0.146,0.183,0.20600000000000002,0.652,0.39,0.608,0.892,0.804,0.077,88.4,111.5,0.39799999999999996,0.091,0.374,17.4,0.38,0.413,0.207,0.433,0.316,0.251,30.5,519.0,29.0,2024,8,45,34,2,0.2598187311178248,401,0.0199501246882793,0.11221945137157108,0.08478802992518704,0.004987531172069825,True,200.96,669.0
2023,19392,zach mckinstry,Zach McKinstry,DET,0.085,0.218,0.305,0.691,0.47,0.669,0.909,0.82,0.085,87.2,108.3,0.33399999999999996,0.076,0.374,17.8,0.35100000000000003,0.431,0.218,0.354,0.376,0.27,30.5,518.0,28.0,2024,4,32,23,16,0.21548821548821548,325,0.012307692307692308,0.09846153846153846,0.07076923076923076,0.04923076923076923,True,171.46,623.0
2023,17988,tyler stephenson,Tyler Stephenson,CIN,0.091,0.261,0.275,0.633,0.426,0.564,0.85,0.743,0.109,89.4,111.1,0.435,0.076,0.374,9.0,0.486,0.287,0.22699999999999998,0.39899999999999997,0.32899999999999996,0.272,30.5,517.0,26.0,2024,19,69,66,1,0.25820568927789933,515,0.036893203883495145,0.13398058252427184,0.12815533980582525,0.001941747572815534,True,162.29,774.0
2023,12155,eddie rosario,Eddie Rosario,ATL,0.066,0.23600000000000002,0.45899999999999996,0.743,0.5710000000000001,0.645,0.7979999999999999,0.7240000000000001,0.157,88.6,110.4,0.354,0.095,0.374,14.5,0.401,0.37799999999999995,0.221,0.44299999999999995,0.359,0.198,30.5,516.0,31.0,2024,10,33,35,9,0.1750841750841751,319,0.03134796238244514,0.10344827586206896,0.109717868338558,0.02821316614420063,True,146.13,932.0
2023,22715,maikel garcia,Maikel Garcia,KCR,0.07400000000000001,0.223,0.244,0.657,0.429,0.698,0.877,0.82,0.077,91.8,110.0,0.506,0.039,0.374,6.1,0.48,0.27399999999999997,0.24600000000000002,0.331,0.39399999999999996,0.275,30.5,515.0,23.0,2024,7,84,58,37,0.23130434782608697,626,0.011182108626198083,0.134185303514377,0.0926517571884984,0.05910543130990415,True,164.8,623.0
2023,26299,josh jung,Josh Jung,TEX,0.057999999999999996,0.293,0.361,0.742,0.519,0.584,0.84,0.736,0.13699999999999998,91.8,110.0,0.474,0.11900000000000001,0.374,15.0,0.365,0.392,0.243,0.368,0.39799999999999996,0.23399999999999999,30.5,515.0,25.0,2024,7,19,16,4,0.2640449438202247,188,0.03723404255319149,0.10106382978723404,0.0851063829787234,0.02127659574468085,True,143.58,880.0
2023,10472,enrique hernandez,Enrique Hernandez,- - -,0.067,0.191,0.307,0.6859999999999999,0.467,0.632,0.872,0.7809999999999999,0.102,87.8,109.2,0.337,0.045,0.374,17.1,0.374,0.436,0.19,0.366,0.374,0.259,30.5,508.0,31.0,2024,12,44,42,0,0.2292817679558011,393,0.030534351145038167,0.11195928753180662,0.10687022900763359,0.0,True,153.06,673.0
2023,11445,mark canha,Mark Canha,- - -,0.09699999999999999,0.156,0.267,0.611,0.415,0.715,0.895,0.8290000000000001,0.071,87.9,109.4,0.36700000000000005,0.047,0.374,13.1,0.445,0.39799999999999996,0.157,0.439,0.348,0.213,30.5,507.0,34.0,2024,7,46,42,7,0.24173027989821882,462,0.015151515151515152,0.09956709956709957,0.09090909090909091,0.015151515151515152,True,175.27,673.0
2023,21454,lars nootbaar,Lars Nootbaar,STL,0.14300000000000002,0.19699999999999998,0.204,0.545,0.353,0.723,0.8909999999999999,0.836,0.057999999999999996,89.1,112.2,0.37799999999999995,0.08800000000000001,0.374,7.2,0.49700000000000005,0.314,0.18899999999999997,0.34700000000000003,0.408,0.245,30.5,503.0,25.0,2024,12,39,45,7,0.2442528735632184,405,0.02962962962962963,0.0962962962962963,0.1111111111111111,0.01728395061728395,True,198.08,681.0
2023,22514,triston casas,Triston Casas,BOS,0.139,0.251,0.26,0.6859999999999999,0.436,0.643,0.8029999999999999,0.747,0.11,91.1,113.2,0.466,0.131,0.374,15.7,0.36700000000000005,0.423,0.21,0.387,0.40700000000000003,0.207,30.5,502.0,23.0,2024,13,28,32,0,0.24056603773584906,243,0.053497942386831275,0.11522633744855967,0.13168724279835392,0.0,True,182.28,706.0
2023,19953,josh lowe,Josh Lowe,TBR,0.062,0.248,0.389,0.757,0.534,0.609,0.8140000000000001,0.723,0.14800000000000002,89.1,113.3,0.397,0.11,0.374,14.3,0.397,0.391,0.213,0.319,0.397,0.284,30.5,501.0,25.0,2024,10,37,34,25,0.24079320113314448,387,0.025839793281653745,0.09560723514211886,0.08785529715762273,0.06459948320413436,True,139.73,856.0
2023,16930,jonah heim,Jonah Heim,TEX,0.08,0.192,0.34,0.7490000000000001,0.519,0.674,0.867,0.795,0.106,89.2,110.3,0.385,0.08,0.374,17.3,0.363,0.426,0.212,0.47,0.327,0.203,30.5,501.0,28.0,2024,13,45,59,1,0.22004357298474944,491,0.026476578411405296,0.09164969450101833,0.12016293279022404,0.002036659877800407,True,159.57,880.0
2023,19556,yordan alvarez,Yordan Alvarez,HOU,0.139,0.185,0.299,0.6609999999999999,0.436,0.659,0.899,0.797,0.08800000000000001,93.3,117.7,0.522,0.18,0.374,17.1,0.35200000000000004,0.455,0.193,0.391,0.332,0.276,30.5,496.0,26.0,2024,35,88,86,6,0.3079710144927536,635,0.05511811023622047,0.13858267716535433,0.13543307086614173,0.009448818897637795,True,187.54,819.0
2023,23312,ryan noda,Ryan Noda,OAK,0.156,0.34299999999999997,0.223,0.6809999999999999,0.42700000000000005,0.37799999999999995,0.76,0.649,0.15,91.2,113.9,0.45,0.13,0.374,16.1,0.374,0.396,0.23,0.45399999999999996,0.32799999999999996,0.218,30.5,495.0,27.0,2024,1,8,4,0,0.1368421052631579,111,0.009009009009009009,0.07207207207207207,0.036036036036036036,0.0,True,173.6,531.0
2023,22799,geraldo perdomo,Geraldo Perdomo,ARI,0.129,0.174,0.21100000000000002,0.591,0.381,0.7509999999999999,0.91,0.861,0.053,85.7,104.9,0.195,0.009000000000000001,0.374,16.4,0.38299999999999995,0.43,0.187,0.425,0.33899999999999997,0.23600000000000002,30.5,495.0,23.0,2024,3,61,37,9,0.27299703264094954,388,0.007731958762886598,0.15721649484536082,0.09536082474226804,0.023195876288659795,True,191.71,680.0
2023,18839,josh naylor,Josh Naylor,CLE,0.067,0.13699999999999998,0.426,0.7809999999999999,0.565,0.722,0.9109999999999999,0.8240000000000001,0.099,89.1,113.9,0.41200000000000003,0.08199999999999999,0.374,12.3,0.42700000000000005,0.368,0.205,0.402,0.355,0.243,30.5,495.0,26.0,2024,31,84,108,6,0.2433392539964476,633,0.04897314375987362,0.13270142180094788,0.17061611374407584,0.009478672985781991,True,155.53,563.0
2023,11609,willson contreras,Willson Contreras,STL,0.10300000000000001,0.22399999999999998,0.345,0.703,0.485,0.575,0.8490000000000001,0.73,0.13,91.3,117.5,0.469,0.122,0.374,10.1,0.461,0.32899999999999996,0.21,0.37799999999999995,0.359,0.263,30.5,495.0,31.0,2024,15,48,36,4,0.26245847176079734,358,0.04189944134078212,0.1340782122905028,0.1005586592178771,0.0111731843575419,True,159.39,681.0
2023,16530,mauricio dubon,Mauricio Dubon,HOU,0.039,0.142,0.446,0.7509999999999999,0.58,0.784,0.883,0.84,0.09300000000000001,87.0,107.0,0.295,0.045,0.374,9.5,0.452,0.33899999999999997,0.209,0.345,0.38299999999999995,0.273,30.5,492.0,28.0,2024,4,45,47,3,0.26865671641791045,428,0.009345794392523364,0.10514018691588785,0.10981308411214953,0.007009345794392523,True,143.17,819.0
2023,12144,max kepler,Max Kepler,MIN,0.092,0.21600000000000003,0.27699999999999997,0.743,0.475,0.648,0.895,0.812,0.08900000000000001,91.9,111.7,0.479,0.122,0.374,14.7,0.37799999999999995,0.44299999999999995,0.179,0.435,0.35100000000000003,0.214,30.5,491.0,30.0,2024,8,43,42,1,0.25271739130434784,399,0.020050125313283207,0.10776942355889724,0.10526315789473684,0.002506265664160401,True,164.78,768.0
2023,25816,shea langeliers,Shea Langeliers,OAK,0.069,0.292,0.358,0.7,0.502,0.526,0.802,0.688,0.157,90.6,113.4,0.445,0.133,0.374,19.6,0.365,0.489,0.147,0.461,0.295,0.244,30.5,490.0,25.0,2024,29,58,80,4,0.22406639004149378,534,0.054307116104868915,0.10861423220973783,0.149812734082397,0.00749063670411985,True,134.95,531.0
2023,17484,eloy jimenez,Eloy Jimenez,CHW,0.061,0.19,0.395,0.73,0.52,0.575,0.856,0.722,0.14400000000000002,90.9,113.5,0.46799999999999997,0.09300000000000001,0.374,5.7,0.532,0.31,0.159,0.405,0.36200000000000004,0.233,30.5,489.0,26.0,2024,6,25,23,3,0.23765432098765432,349,0.017191977077363897,0.07163323782234957,0.0659025787965616,0.008595988538681949,True,135.75,575.0
2023,20391,luis garcia,Luis Garcia Jr.,WSN,0.055999999999999994,0.124,0.34700000000000003,0.752,0.506,0.763,0.91,0.8490000000000001,0.076,88.2,110.0,0.365,0.057999999999999996,0.374,4.6,0.5329999999999999,0.282,0.185,0.34700000000000003,0.392,0.261,30.5,482.0,23.0,2024,18,58,70,22,0.282,528,0.03409090909090909,0.10984848484848485,0.13257575757575757,0.041666666666666664,True,149.76,643.0
2023,2967,tommy pham,Tommy Pham,- - -,0.098,0.22,0.233,0.63,0.40399999999999997,0.579,0.873,0.777,0.09,92.3,113.7,0.491,0.107,0.374,5.7,0.488,0.29100000000000004,0.221,0.387,0.405,0.209,30.5,481.0,35.0,2024,9,49,39,7,0.24772727272727274,478,0.01882845188284519,0.10251046025104603,0.08158995815899582,0.014644351464435146,True,159.26,673.0
2023,6184,jd martinez,J.D. Martinez,LAD,0.071,0.311,0.369,0.767,0.529,0.47,0.8220000000000001,0.674,0.172,93.4,112.1,0.5479999999999999,0.17,0.374,16.8,0.36,0.418,0.223,0.384,0.373,0.243,30.5,479.0,35.0,2024,16,46,69,0,0.2350230414746544,495,0.03232323232323232,0.09292929292929293,0.1393939393939394,0.0,True,130.86,852.0
2023,9847,andrew mccutchen,Andrew McCutchen,PIT,0.159,0.21100000000000002,0.213,0.684,0.41600000000000004,0.556,0.8240000000000001,0.746,0.105,89.6,109.8,0.446,0.068,0.374,12.3,0.425,0.35700000000000004,0.218,0.514,0.289,0.19699999999999998,30.5,473.0,36.0,2024,20,66,50,3,0.23214285714285715,515,0.038834951456310676,0.12815533980582525,0.0970873786407767,0.005825242718446602,True,181.06,594.0
2023,20202,brandon marsh,Brandon Marsh,PHI,0.125,0.305,0.282,0.618,0.42200000000000004,0.5670000000000001,0.873,0.754,0.10400000000000001,91.3,110.6,0.48700000000000004,0.091,0.374,12.4,0.44799999999999995,0.341,0.21100000000000002,0.374,0.321,0.306,30.5,472.0,25.0,2024,16,55,60,19,0.24880382775119617,476,0.03361344537815126,0.11554621848739496,0.12605042016806722,0.03991596638655462,True,165.77,794.0
2023,16572,connor joe,Connor Joe,PIT,0.106,0.233,0.23800000000000002,0.61,0.395,0.621,0.8690000000000001,0.7829999999999999,0.086,88.9,111.6,0.418,0.08199999999999999,0.374,16.7,0.361,0.41100000000000003,0.228,0.38799999999999996,0.368,0.243,30.5,472.0,30.0,2024,9,49,36,2,0.22802197802197802,416,0.021634615384615384,0.11778846153846154,0.08653846153846154,0.004807692307692308,True,160.9,594.0
2023,10243,randal grichuk,Randal Grichuk,- - -,0.062,0.204,0.373,0.691,0.501,0.574,0.883,0.746,0.127,89.6,112.1,0.45299999999999996,0.071,0.374,14.0,0.409,0.385,0.20600000000000002,0.462,0.306,0.23199999999999998,30.5,471.0,31.0,2024,12,40,46,0,0.29133858267716534,279,0.043010752688172046,0.14336917562724014,0.16487455197132617,0.0,True,134.61,673.0
2023,16376,michael conforto,Michael Conforto,SFG,0.113,0.226,0.28600000000000003,0.7040000000000001,0.45299999999999996,0.624,0.861,0.7709999999999999,0.10400000000000001,88.9,109.7,0.39799999999999996,0.079,0.374,12.0,0.45399999999999996,0.382,0.16399999999999998,0.349,0.38799999999999996,0.263,30.5,470.0,30.0,2024,20,56,66,0,0.2374429223744292,488,0.040983606557377046,0.11475409836065574,0.13524590163934427,0.0,True,161.82,669.0
2023,18373,ryan mountcastle,Ryan Mountcastle,BAL,0.079,0.228,0.41100000000000003,0.77,0.5479999999999999,0.624,0.8590000000000001,0.7490000000000001,0.13699999999999998,91.4,114.6,0.449,0.121,0.374,12.0,0.43700000000000006,0.368,0.195,0.307,0.39299999999999996,0.3,30.5,470.0,26.0,2024,13,54,63,3,0.27061310782241016,507,0.02564102564102564,0.10650887573964497,0.1242603550295858,0.005917159763313609,True,142.74,772.0
2023,27475,jordan walker,Jordan Walker,STL,0.08,0.22399999999999998,0.36700000000000005,0.745,0.516,0.5379999999999999,0.857,0.72,0.145,89.4,114.3,0.425,0.075,0.374,10.1,0.469,0.35200000000000004,0.179,0.396,0.368,0.23600000000000002,30.5,465.0,21.0,2024,5,16,20,1,0.20121951219512196,178,0.028089887640449437,0.0898876404494382,0.11235955056179775,0.0056179775280898875,True,137.64,681.0
2023,22263,nolan gorman,Nolan Gorman,STL,0.114,0.319,0.301,0.753,0.489,0.498,0.775,0.675,0.159,91.0,112.3,0.485,0.165,0.374,22.2,0.28800000000000003,0.48100000000000004,0.231,0.465,0.281,0.254,30.5,464.0,23.0,2024,19,42,50,6,0.20273972602739726,402,0.0472636815920398,0.1044776119402985,0.12437810945273632,0.014925373134328358,True,146.86,681.0
2023,27684,michael massey,Michael Massey,KCR,0.052000000000000005,0.215,0.359,0.733,0.518,0.6759999999999999,0.878,0.7979999999999999,0.105,88.6,110.3,0.395,0.078,0.374,19.7,0.304,0.45,0.24600000000000002,0.521,0.272,0.207,30.5,461.0,25.0,2024,14,45,45,1,0.25903614457831325,356,0.03932584269662921,0.12640449438202248,0.12640449438202248,0.0028089887640449437,True,134.34,623.0
2023,25961,kerry carpenter,Kerry Carpenter,DET,0.07,0.251,0.37200000000000005,0.745,0.524,0.633,0.856,0.762,0.124,90.1,109.3,0.43799999999999994,0.102,0.374,13.1,0.447,0.355,0.19699999999999998,0.451,0.336,0.214,30.5,459.0,25.0,2024,18,37,57,0,0.2840909090909091,296,0.060810810810810814,0.125,0.19256756756756757,0.0,True,137.06,623.0
2023,15640,aaron judge,Aaron Judge,NYY,0.192,0.284,0.225,0.6940000000000001,0.413,0.45299999999999996,0.767,0.665,0.138,97.6,116.9,0.642,0.275,0.374,20.4,0.304,0.5,0.196,0.45,0.342,0.20800000000000002,30.5,458.0,31.0,2024,58,122,144,10,0.3220035778175313,704,0.08238636363636363,0.17329545454545456,0.20454545454545456,0.014204545454545454,True,179.31,611.0
2023,19599,chas mccormick,Chas McCormick,HOU,0.08800000000000001,0.256,0.33,0.711,0.485,0.609,0.812,0.73,0.131,88.0,109.4,0.38799999999999996,0.111,0.374,14.6,0.408,0.38,0.21100000000000002,0.44299999999999995,0.325,0.23199999999999998,30.5,457.0,28.0,2024,5,32,27,8,0.21074380165289255,267,0.018726591760299626,0.1198501872659176,0.10112359550561797,0.0299625468164794,True,140.3,819.0
2023,15279,garrett cooper,Garrett Cooper,- - -,0.068,0.289,0.41700000000000004,0.693,0.524,0.594,0.836,0.7170000000000001,0.14800000000000002,89.0,110.9,0.41100000000000003,0.10300000000000001,0.374,13.3,0.435,0.325,0.24,0.373,0.387,0.24,30.5,457.0,32.0,2024,1,6,11,0,0.205607476635514,116,0.008620689655172414,0.05172413793103448,0.09482758620689655,0.0,True,129.38,673.0
2023,15223,adam frazier,Adam Frazier,BAL,0.07,0.149,0.322,0.6759999999999999,0.479,0.6659999999999999,0.912,0.82,0.086,85.7,106.7,0.23399999999999999,0.031,0.374,15.2,0.365,0.368,0.267,0.391,0.35100000000000003,0.257,30.5,455.0,31.0,2024,4,35,22,3,0.20229007633587787,294,0.013605442176870748,0.11904761904761904,0.07482993197278912,0.01020408163265306,True,143.78,772.0
2023,25660,will brennan,Will Brennan,CLE,0.035,0.125,0.42200000000000004,0.7390000000000001,0.565,0.759,0.899,0.8420000000000001,0.08900000000000001,85.7,106.9,0.292,0.024,0.374,9.4,0.462,0.292,0.247,0.34700000000000003,0.39,0.263,30.5,455.0,25.0,2024,8,37,30,4,0.2636363636363636,353,0.0226628895184136,0.1048158640226629,0.08498583569405099,0.0113314447592068,True,130.86,563.0
2023,17929,cedric mullins,Cedric Mullins,BAL,0.095,0.222,0.301,0.728,0.49,0.652,0.847,0.78,0.10800000000000001,88.9,110.5,0.371,0.065,0.374,21.6,0.354,0.49,0.156,0.46799999999999997,0.348,0.184,30.5,455.0,28.0,2024,18,69,54,32,0.23423423423423423,499,0.036072144288577156,0.13827655310621242,0.10821643286573146,0.06412825651302605,True,149.7,772.0
2023,5827,wilmer flores,Wilmer Flores,SFG,0.09,0.139,0.317,0.644,0.449,0.777,0.899,0.848,0.068,86.4,108.7,0.325,0.078,0.374,22.0,0.319,0.467,0.214,0.461,0.284,0.255,30.5,454.0,31.0,2024,4,19,26,0,0.205607476635514,242,0.01652892561983471,0.07851239669421488,0.10743801652892562,0.0,True,156.36,669.0
2023,8623,donovan solano,Donovan Solano,MIN,0.08900000000000001,0.222,0.336,0.6609999999999999,0.474,0.607,0.89,0.775,0.107,90.2,109.8,0.43700000000000006,0.061,0.374,13.1,0.40700000000000003,0.325,0.268,0.353,0.424,0.22399999999999998,30.5,450.0,35.0,2024,8,31,35,2,0.2862190812720848,309,0.025889967637540454,0.10032362459546926,0.11326860841423948,0.006472491909385114,True,144.68,768.0
2023,22186,brice turang,Brice Turang,MIL,0.085,0.21,0.303,0.67,0.47100000000000003,0.726,0.88,0.826,0.08199999999999999,85.5,108.3,0.27,0.028999999999999998,0.374,12.5,0.41700000000000004,0.39399999999999996,0.18899999999999997,0.311,0.371,0.317,30.5,448.0,23.0,2024,7,72,57,50,0.25402504472271914,619,0.011308562197092083,0.11631663974151858,0.09208400646203554,0.08077544426494346,True,149.09,647.0
2023,19858,luis rengifo,Luis Rengifo,LAA,0.092,0.184,0.322,0.765,0.5,0.632,0.852,0.767,0.11599999999999999,89.1,109.1,0.364,0.076,0.374,11.0,0.46799999999999997,0.364,0.168,0.42100000000000004,0.33899999999999997,0.24100000000000002,30.5,445.0,26.0,2024,6,41,30,24,0.3003533568904594,304,0.019736842105263157,0.13486842105263158,0.09868421052631579,0.07894736842105263,True,143.33,612.0
2023,23733,ezequiel duran,Ezequiel Duran,TEX,0.052000000000000005,0.273,0.409,0.727,0.5379999999999999,0.624,0.836,0.74,0.14,90.1,115.2,0.439,0.087,0.374,14.0,0.395,0.385,0.22,0.363,0.374,0.263,30.5,439.0,24.0,2024,3,26,20,1,0.2462686567164179,285,0.010526315789473684,0.0912280701754386,0.07017543859649122,0.0035087719298245615,True,120.29,880.0
2023,19296,alex call,Alex Call,WSN,0.121,0.17800000000000002,0.226,0.629,0.395,0.6829999999999999,0.9009999999999999,0.8290000000000001,0.068,86.8,108.5,0.301,0.053,0.374,17.0,0.37799999999999995,0.47100000000000003,0.151,0.444,0.348,0.209,30.5,439.0,28.0,2024,3,15,14,5,0.3434343434343434,113,0.02654867256637168,0.13274336283185842,0.12389380530973451,0.04424778761061947,True,162.3,643.0
2023,19352,sean murphy,Sean Murphy,ATL,0.11199999999999999,0.22399999999999998,0.275,0.7090000000000001,0.45899999999999996,0.628,0.836,0.764,0.10800000000000001,91.5,114.7,0.45799999999999996,0.161,0.374,13.1,0.41,0.385,0.205,0.502,0.322,0.17600000000000002,30.5,438.0,28.0,2024,10,19,25,0,0.19313304721030042,264,0.03787878787878788,0.07196969696969698,0.0946969696969697,0.0,True,149.45,932.0
2023,18882,brandon lowe,Brandon Lowe,TBR,0.115,0.273,0.33899999999999997,0.768,0.515,0.49,0.845,0.7070000000000001,0.151,91.4,110.7,0.475,0.107,0.374,16.0,0.406,0.44799999999999995,0.146,0.494,0.36,0.146,30.5,436.0,28.0,2024,21,56,58,5,0.24415584415584415,425,0.04941176470588235,0.13176470588235295,0.13647058823529412,0.011764705882352941,True,142.62,856.0
2023,14387,harold ramirez,Harold Ramirez,TBR,0.051,0.182,0.47600000000000003,0.71,0.565,0.614,0.861,0.732,0.151,89.1,112.5,0.40700000000000003,0.046,0.374,6.0,0.547,0.287,0.165,0.33299999999999996,0.38799999999999996,0.278,30.5,434.0,28.0,2024,2,28,29,6,0.2605042016806723,246,0.008130081300813009,0.11382113821138211,0.11788617886178862,0.024390243902439025,True,117.44,856.0
2023,25479,brenton doyle,Brenton Doyle,COL,0.051,0.35,0.35100000000000003,0.7509999999999999,0.52,0.455,0.7979999999999999,0.664,0.175,88.3,111.0,0.35,0.087,0.374,11.7,0.469,0.34700000000000003,0.184,0.425,0.33899999999999997,0.23600000000000002,30.5,431.0,25.0,2024,23,82,72,30,0.26014760147601473,603,0.03814262023217247,0.13598673300165837,0.11940298507462686,0.04975124378109453,True,107.84,565.0
2023,21897,christopher morel,Christopher Morel,CHC,0.084,0.31,0.324,0.742,0.499,0.46,0.774,0.6559999999999999,0.171,92.1,113.6,0.5,0.159,0.374,12.4,0.424,0.409,0.16699999999999998,0.55,0.28300000000000003,0.16699999999999998,30.5,429.0,24.0,2024,21,56,60,8,0.19626168224299065,611,0.03436988543371522,0.09165302782324058,0.09819967266775777,0.01309328968903437,True,120.46,790.0
2023,26668,elly de la cruz,Elly De La Cruz,CIN,0.08199999999999999,0.337,0.353,0.61,0.452,0.605,0.84,0.728,0.12300000000000001,91.2,119.2,0.45899999999999996,0.085,0.374,3.6,0.539,0.218,0.243,0.439,0.386,0.175,30.5,427.0,21.0,2024,25,105,76,67,0.2588996763754045,696,0.035919540229885055,0.15086206896551724,0.10919540229885058,0.09626436781609195,True,128.27,774.0
2023,11899,joc pederson,Joc Pederson,SFG,0.134,0.209,0.308,0.6809999999999999,0.45,0.679,0.845,0.774,0.10099999999999999,92.1,116.6,0.522,0.121,0.374,15.2,0.395,0.41700000000000004,0.188,0.46299999999999997,0.331,0.20600000000000002,30.5,425.0,31.0,2024,23,62,64,7,0.27520435967302453,449,0.051224944320712694,0.13808463251670378,0.14253897550111358,0.015590200445434299,True,155.64,669.0
2023,20529,nolan jones,Nolan Jones,COL,0.125,0.297,0.287,0.586,0.415,0.649,0.745,0.7070000000000001,0.121,90.1,115.3,0.413,0.157,0.374,9.8,0.425,0.375,0.2,0.376,0.318,0.306,30.5,424.0,25.0,2024,3,28,28,5,0.2265625,297,0.010101010101010102,0.09427609427609428,0.09427609427609428,0.016835016835016835,True,142.93,565.0
2023,26121,francisco alvarez,Francisco Alvarez,NYM,0.08,0.26,0.29,0.6940000000000001,0.45,0.56,0.807,0.711,0.13,90.1,114.1,0.451,0.128,0.374,12.5,0.44,0.429,0.132,0.44299999999999995,0.355,0.201,30.5,423.0,21.0,2024,11,39,47,1,0.237012987012987,342,0.03216374269005848,0.11403508771929824,0.13742690058479531,0.0029239766081871343,True,124.07,645.0
2023,7802,miguel rojas,Miguel Rojas,LAD,0.061,0.113,0.359,0.6920000000000001,0.495,0.741,0.927,0.847,0.075,87.3,108.7,0.32,0.028999999999999998,0.374,10.9,0.45299999999999996,0.353,0.19399999999999998,0.363,0.34600000000000003,0.29100000000000004,30.5,423.0,34.0,2024,6,41,36,8,0.28338762214983715,337,0.017804154302670624,0.12166172106824925,0.10682492581602374,0.02373887240356083,True,133.29,852.0
2023,2136,david peralta,David Peralta,LAD,0.047,0.171,0.37200000000000005,0.76,0.545,0.657,0.875,0.7929999999999999,0.113,89.3,111.5,0.442,0.049,0.374,8.2,0.483,0.3,0.217,0.409,0.33799999999999997,0.253,30.5,422.0,35.0,2024,8,35,28,2,0.2669491525423729,260,0.03076923076923077,0.1346153846153846,0.1076923076923077,0.007692307692307693,True,120.23,852.0
2023,22581,alejandro kirk,Alejandro Kirk,TOR,0.1,0.107,0.285,0.597,0.41600000000000004,0.8029999999999999,0.938,0.884,0.048,87.6,108.3,0.38299999999999995,0.052000000000000005,0.374,6.3,0.502,0.301,0.198,0.331,0.392,0.27699999999999997,30.5,422.0,24.0,2024,5,23,54,0,0.2529411764705882,386,0.012953367875647668,0.05958549222797927,0.13989637305699482,0.0,True,154.11,740.0
2023,3473,anthony rizzo,Anthony Rizzo,NYY,0.083,0.23,0.358,0.6659999999999999,0.484,0.626,0.882,0.77,0.111,90.0,110.6,0.375,0.069,0.374,17.8,0.33299999999999996,0.409,0.257,0.444,0.361,0.195,30.5,421.0,33.0,2024,8,38,35,0,0.228486646884273,375,0.021333333333333333,0.10133333333333333,0.09333333333333334,0.0,True,132.19,611.0
2023,5254,robbie grossman,Robbie Grossman,TEX,0.136,0.233,0.187,0.6409999999999999,0.381,0.647,0.8809999999999999,0.815,0.07,88.2,109.0,0.373,0.068,0.374,20.3,0.319,0.46799999999999997,0.213,0.395,0.376,0.228,30.5,420.0,33.0,2024,3,21,16,3,0.21153846153846154,245,0.012244897959183673,0.08571428571428572,0.0653061224489796,0.012244897959183673,True,159.81,880.0
2023,25976,riley greene,Riley Greene,DET,0.084,0.27399999999999997,0.29,0.723,0.469,0.596,0.823,0.741,0.121,91.6,114.4,0.47,0.113,0.374,6.6,0.489,0.248,0.263,0.425,0.353,0.222,30.5,416.0,22.0,2024,24,82,74,4,0.26171875,584,0.0410958904109589,0.1404109589041096,0.1267123287671233,0.00684931506849315,True,127.42,623.0
2023,22558,jarred kelenic,Jarred Kelenic,SEA,0.099,0.317,0.317,0.685,0.46799999999999997,0.519,0.8140000000000001,0.6970000000000001,0.141,90.9,112.0,0.455,0.095,0.374,10.1,0.43,0.281,0.289,0.413,0.368,0.21899999999999997,30.5,416.0,23.0,2024,15,49,45,7,0.23058252427184467,449,0.0334075723830735,0.1091314031180401,0.10022271714922049,0.015590200445434299,True,128.17,679.0
2023,4949,giancarlo stanton,Giancarlo Stanton,NYY,0.099,0.299,0.294,0.624,0.425,0.544,0.772,0.677,0.13699999999999998,93.3,119.5,0.484,0.157,0.374,12.5,0.431,0.444,0.125,0.41100000000000003,0.36700000000000005,0.222,30.5,415.0,33.0,2024,27,49,72,0,0.23261390887290168,459,0.058823529411764705,0.10675381263616558,0.1568627450980392,0.0,True,125.37,611.0
2023,7859,charlie blackmon,Charlie Blackmon,COL,0.094,0.133,0.315,0.677,0.473,0.73,0.8909999999999999,0.83,0.08,86.4,108.5,0.315,0.049,0.374,18.1,0.364,0.40299999999999997,0.23399999999999999,0.442,0.35100000000000003,0.20800000000000002,30.5,413.0,36.0,2024,12,59,52,6,0.2561247216035635,499,0.02404809619238477,0.11823647294589178,0.10420841683366733,0.012024048096192385,True,141.66,565.0
2023,5417,jose altuve,Jose Altuve,HOU,0.107,0.17300000000000001,0.348,0.613,0.44799999999999995,0.754,0.9,0.8290000000000001,0.076,86.0,109.6,0.314,0.083,0.374,11.4,0.48200000000000004,0.327,0.19,0.507,0.321,0.172,30.5,410.0,33.0,2024,20,94,65,22,0.2945859872611465,682,0.02932551319648094,0.1378299120234604,0.09530791788856305,0.03225806451612903,True,145.84,819.0
2023,17338,willi castro,Willi Castro,MIN,0.083,0.242,0.37200000000000005,0.703,0.513,0.602,0.8490000000000001,0.747,0.13,86.5,114.2,0.318,0.068,0.374,15.1,0.391,0.415,0.19399999999999998,0.413,0.314,0.273,30.5,409.0,26.0,2024,12,89,60,14,0.24731182795698925,635,0.01889763779527559,0.14015748031496064,0.09448818897637795,0.02204724409448819,True,125.6,768.0
2023,17548,taylor ward,Taylor Ward,LAA,0.095,0.196,0.27399999999999997,0.682,0.44299999999999995,0.649,0.914,0.818,0.081,90.7,111.4,0.436,0.08199999999999999,0.374,14.3,0.409,0.42700000000000005,0.16399999999999998,0.39399999999999996,0.344,0.262,30.5,409.0,29.0,2024,25,73,75,6,0.24615384615384617,663,0.03770739064856712,0.11010558069381599,0.11312217194570136,0.00904977375565611,True,139.22,612.0
2023,11038,kevin kiermaier,Kevin Kiermaier,TOR,0.071,0.21100000000000002,0.316,0.7290000000000001,0.494,0.542,0.825,0.722,0.13699999999999998,86.7,107.8,0.332,0.035,0.374,5.6,0.556,0.252,0.192,0.415,0.374,0.21100000000000002,30.5,408.0,33.0,2024,5,31,26,6,0.1969111969111969,281,0.017793594306049824,0.1103202846975089,0.09252669039145907,0.021352313167259787,True,117.34,740.0
2023,27534,edouard julien,Edouard Julien,MIN,0.157,0.314,0.172,0.654,0.376,0.515,0.8140000000000001,0.735,0.1,89.5,108.9,0.449,0.131,0.374,7.9,0.502,0.239,0.258,0.40700000000000003,0.308,0.285,30.5,408.0,24.0,2024,8,36,21,6,0.19924812030075187,301,0.026578073089700997,0.11960132890365449,0.06976744186046512,0.019933554817275746,True,154.02,768.0
2023,6887,martin maldonado,Martin Maldonado,HOU,0.07400000000000001,0.342,0.35600000000000004,0.6729999999999999,0.49,0.512,0.7959999999999999,0.6779999999999999,0.158,88.4,109.3,0.4,0.085,0.374,18.1,0.35200000000000004,0.434,0.215,0.46799999999999997,0.306,0.226,30.5,407.0,36.0,2024,4,9,11,0,0.11851851851851852,147,0.027210884353741496,0.061224489795918366,0.07482993197278912,0.0,True,112.9,819.0
2023,19354,luke raley,Luke Raley,TBR,0.069,0.315,0.353,0.758,0.516,0.414,0.79,0.636,0.187,91.1,114.3,0.457,0.129,0.374,17.4,0.42,0.447,0.133,0.461,0.319,0.22,30.5,406.0,28.0,2024,22,58,58,11,0.24257425742574257,455,0.04835164835164835,0.12747252747252746,0.12747252747252746,0.024175824175824177,True,105.48,856.0
2023,11368,yasmani grandal,Yasmani Grandal,CHW,0.08900000000000001,0.212,0.304,0.632,0.447,0.644,0.861,0.778,0.099,87.9,110.4,0.344,0.047,0.374,10.8,0.452,0.366,0.183,0.401,0.35100000000000003,0.247,30.5,405.0,34.0,2024,9,26,27,1,0.22790697674418606,243,0.037037037037037035,0.10699588477366255,0.1111111111111111,0.00411522633744856,True,130.57,575.0
2023,17128,ramon laureano,Ramon Laureano,- - -,0.08199999999999999,0.282,0.31,0.6759999999999999,0.467,0.48100000000000004,0.8809999999999999,0.7290000000000001,0.126,88.2,112.7,0.359,0.09699999999999999,0.374,12.9,0.445,0.36,0.19399999999999998,0.431,0.306,0.262,30.5,404.0,28.0,2024,11,35,33,8,0.25874125874125875,309,0.03559870550161812,0.11326860841423948,0.10679611650485436,0.025889967637540454,True,121.48,673.0
2023,19896,connor wong,Connor Wong,BOS,0.055,0.33299999999999996,0.392,0.696,0.523,0.568,0.7979999999999999,0.6990000000000001,0.157,89.1,113.6,0.37799999999999995,0.091,0.374,15.5,0.426,0.353,0.221,0.456,0.315,0.228,30.5,403.0,27.0,2024,13,54,52,8,0.2796420581655481,487,0.026694045174537988,0.11088295687885011,0.10677618069815195,0.01642710472279261,True,106.67,706.0
2023,23792,alek thomas,Alek Thomas,ARI,0.047,0.214,0.359,0.66,0.49,0.588,0.893,0.767,0.114,88.9,110.9,0.41600000000000004,0.051,0.374,2.2,0.555,0.255,0.19,0.406,0.369,0.225,30.5,402.0,23.0,2024,3,13,17,4,0.18947368421052632,103,0.02912621359223301,0.1262135922330097,0.1650485436893204,0.038834951456310676,True,111.39,680.0
2023,19913,jesus sanchez,Jesus Sanchez,MIA,0.095,0.266,0.341,0.721,0.489,0.594,0.83,0.73,0.132,90.4,114.8,0.46299999999999997,0.122,0.374,5.7,0.494,0.265,0.24100000000000002,0.349,0.32899999999999996,0.322,30.5,402.0,25.0,2024,18,60,64,16,0.25153374233128833,537,0.0335195530726257,0.11173184357541899,0.1191806331471136,0.0297951582867784,True,126.23,585.0
2023,15274,mike tauchman,Mike Tauchman,CHC,0.14,0.214,0.231,0.66,0.41700000000000004,0.679,0.836,0.787,0.08900000000000001,88.4,109.4,0.4,0.055,0.374,8.1,0.47200000000000003,0.29100000000000004,0.23600000000000002,0.341,0.353,0.306,30.5,401.0,32.0,2024,7,50,29,6,0.2483221476510067,350,0.02,0.14285714285714285,0.08285714285714285,0.017142857142857144,True,150.82,790.0
2023,18015,paul dejong,Paul DeJong,- - -,0.053,0.303,0.375,0.745,0.532,0.48100000000000004,0.804,0.672,0.174,85.5,107.6,0.332,0.067,0.374,16.8,0.395,0.41100000000000003,0.19399999999999998,0.44299999999999995,0.245,0.312,30.5,400.0,29.0,2024,24,54,56,2,0.22696629213483147,482,0.04979253112033195,0.11203319502074689,0.11618257261410789,0.004149377593360996,True,101.84,673.0
2023,18795,ramon urias,Ramon Urias,BAL,0.068,0.255,0.322,0.7120000000000001,0.491,0.5920000000000001,0.8340000000000001,0.7440000000000001,0.126,89.2,109.5,0.381,0.069,0.374,7.9,0.531,0.285,0.185,0.423,0.335,0.242,30.5,396.0,29.0,2024,11,39,37,1,0.2536764705882353,301,0.036544850498338874,0.12956810631229235,0.12292358803986711,0.0033222591362126247,True,115.32,772.0
2023,26123,brett baty,Brett Baty,NYM,0.075,0.28,0.298,0.664,0.45799999999999996,0.536,0.8109999999999999,0.711,0.132,89.5,113.7,0.442,0.076,0.374,6.6,0.502,0.273,0.22399999999999998,0.37,0.337,0.293,30.5,389.0,23.0,2024,4,15,16,0,0.22875816993464052,171,0.023391812865497075,0.08771929824561403,0.0935672514619883,0.0,True,112.15,645.0
2023,11489,michael a taylor,Michael A. Taylor,MIN,0.067,0.335,0.341,0.6940000000000001,0.48,0.505,0.816,0.682,0.153,88.1,114.3,0.38,0.135,0.374,13.3,0.42200000000000004,0.39899999999999997,0.179,0.428,0.354,0.218,30.5,388.0,32.0,2024,5,35,21,12,0.19330855018587362,300,0.016666666666666666,0.11666666666666667,0.07,0.04,True,105.38,768.0
2023,19698,edward olivares,Edward Olivares,KCR,0.057,0.166,0.344,0.727,0.507,0.621,0.898,0.79,0.106,87.3,111.0,0.377,0.079,0.374,12.2,0.428,0.397,0.175,0.462,0.267,0.271,30.5,385.0,27.0,2024,5,22,23,1,0.22413793103448276,196,0.025510204081632654,0.11224489795918367,0.11734693877551021,0.00510204081632653,True,113.19,623.0
2023,13757,chris taylor,Chris Taylor,LAD,0.107,0.326,0.271,0.733,0.475,0.518,0.74,0.669,0.157,86.2,110.8,0.374,0.098,0.374,21.5,0.305,0.446,0.249,0.47700000000000004,0.257,0.266,30.5,384.0,32.0,2024,4,28,23,5,0.20187793427230047,246,0.016260162601626018,0.11382113821138211,0.09349593495934959,0.02032520325203252,True,118.16,852.0
2023,18819,andy ibanez,Andy Ibanez,DET,0.063,0.18,0.376,0.731,0.518,0.645,0.9009999999999999,0.79,0.109,89.1,109.6,0.429,0.09,0.374,12.9,0.43799999999999994,0.40299999999999997,0.16,0.349,0.391,0.26,30.5,383.0,30.0,2024,5,30,32,2,0.24107142857142858,244,0.020491803278688523,0.12295081967213115,0.13114754098360656,0.00819672131147541,True,114.9,623.0
2023,20454,jazz chisholm,Jazz Chisholm Jr.,MIA,0.068,0.308,0.285,0.665,0.441,0.51,0.7440000000000001,0.655,0.152,90.3,111.6,0.418,0.122,0.374,10.7,0.478,0.355,0.16699999999999998,0.435,0.342,0.22399999999999998,30.5,383.0,25.0,2024,24,74,73,40,0.25622775800711745,621,0.03864734299516908,0.11916264090177134,0.11755233494363929,0.0644122383252818,True,101.3,585.0
2023,14854,mike yastrzemski,Mike Yastrzemski,SFG,0.11800000000000001,0.26,0.23600000000000002,0.653,0.41100000000000003,0.648,0.856,0.7859999999999999,0.08800000000000001,90.1,110.1,0.44,0.098,0.374,19.6,0.32299999999999995,0.45899999999999996,0.218,0.436,0.363,0.201,30.5,381.0,32.0,2024,18,60,57,3,0.23130841121495327,474,0.0379746835443038,0.12658227848101267,0.12025316455696203,0.006329113924050633,True,134.8,669.0
2023,22664,gabriel moreno,Gabriel Moreno,ARI,0.076,0.19699999999999998,0.299,0.58,0.424,0.6729999999999999,0.909,0.8170000000000001,0.078,89.8,109.7,0.418,0.048,0.374,4.2,0.546,0.22,0.23399999999999999,0.337,0.392,0.271,30.5,380.0,23.0,2024,5,39,45,3,0.26557377049180325,351,0.014245014245014245,0.1111111111111111,0.1282051282051282,0.008547008547008548,True,122.02,680.0
2023,19260,jake fraley,Jake Fraley,CIN,0.09699999999999999,0.187,0.348,0.772,0.521,0.635,0.861,0.772,0.11900000000000001,84.6,111.7,0.308,0.064,0.374,16.5,0.38299999999999995,0.391,0.226,0.474,0.331,0.195,30.5,380.0,28.0,2024,5,44,26,20,0.27714285714285714,382,0.013089005235602094,0.11518324607329843,0.06806282722513089,0.05235602094240838,True,124.87,774.0
2023,18171,seth brown,Seth Brown,OAK,0.079,0.267,0.345,0.73,0.502,0.49700000000000005,0.847,0.7040000000000001,0.14800000000000002,90.5,113.3,0.465,0.122,0.374,16.4,0.365,0.475,0.16,0.441,0.359,0.2,30.5,378.0,30.0,2024,14,32,44,4,0.23118279569892472,400,0.035,0.08,0.11,0.01,True,109.7,531.0
2023,23003,yainer diaz,Yainer Diaz,HOU,0.028999999999999998,0.196,0.46399999999999997,0.778,0.586,0.622,0.868,0.7490000000000001,0.147,90.3,110.9,0.439,0.122,0.374,11.5,0.43200000000000005,0.366,0.20199999999999999,0.429,0.341,0.23,30.5,377.0,24.0,2024,16,70,84,2,0.29914529914529914,619,0.025848142164781908,0.11308562197092084,0.13570274636510501,0.0032310177705977385,True,95.64,819.0
2023,4940,jason heyward,Jason Heyward,LAD,0.09,0.17,0.319,0.6679999999999999,0.467,0.693,0.89,0.813,0.087,87.6,112.7,0.373,0.08,0.374,15.5,0.414,0.436,0.15,0.473,0.341,0.187,30.5,377.0,33.0,2024,10,33,37,5,0.21052631578947367,258,0.03875968992248062,0.12790697674418605,0.1434108527131783,0.01937984496124031,True,125.88,852.0
2023,24679,brendan donovan,Brendan Donovan,STL,0.08900000000000001,0.14300000000000002,0.27,0.639,0.426,0.762,0.941,0.875,0.053,89.3,109.1,0.406,0.057999999999999996,0.374,10.6,0.465,0.303,0.23199999999999998,0.413,0.293,0.293,30.5,371.0,26.0,2024,14,65,73,5,0.2776831345826235,652,0.02147239263803681,0.09969325153374232,0.11196319018404909,0.007668711656441718,True,130.41,681.0
2023,14813,kyle farmer,Kyle Farmer,MIN,0.062,0.233,0.359,0.632,0.47700000000000004,0.657,0.9129999999999999,0.8029999999999999,0.094,86.4,105.5,0.32899999999999996,0.067,0.374,13.2,0.425,0.365,0.21,0.42100000000000004,0.337,0.242,30.5,369.0,32.0,2024,5,26,25,3,0.21395348837209302,242,0.02066115702479339,0.10743801652892562,0.10330578512396695,0.012396694214876033,True,111.77,768.0
2023,16442,ryan ohearn,Ryan O'Hearn,BAL,0.040999999999999995,0.223,0.34299999999999997,0.738,0.506,0.6920000000000001,0.867,0.797,0.10300000000000001,91.9,109.7,0.515,0.10099999999999999,0.374,12.0,0.434,0.363,0.20199999999999999,0.38799999999999996,0.35100000000000003,0.261,30.5,368.0,29.0,2024,15,60,59,3,0.26410835214446954,494,0.030364372469635626,0.1214574898785425,0.1194331983805668,0.006072874493927126,True,103.08,772.0
2023,19452,jake rogers,Jake Rogers,DET,0.077,0.32299999999999995,0.265,0.684,0.456,0.495,0.789,0.696,0.138,90.4,109.1,0.45399999999999996,0.12,0.374,14.6,0.36700000000000005,0.419,0.214,0.41700000000000004,0.366,0.218,30.5,365.0,28.0,2024,10,43,36,1,0.1967741935483871,337,0.02967359050445104,0.12759643916913946,0.10682492581602374,0.002967359050445104,True,104.32,623.0
2023,17452,jose siri,Jose Siri,TBR,0.055,0.35700000000000004,0.396,0.7190000000000001,0.528,0.47100000000000003,0.732,0.616,0.20199999999999999,88.4,113.7,0.377,0.132,0.374,14.4,0.392,0.45,0.158,0.486,0.335,0.179,30.5,364.0,27.0,2024,18,50,47,14,0.1865671641791045,448,0.04017857142857143,0.11160714285714286,0.10491071428571429,0.03125,True,87.29,856.0
2023,24617,jarren duran,Jarren Duran,BOS,0.066,0.249,0.345,0.742,0.511,0.589,0.912,0.7859999999999999,0.109,89.9,112.6,0.461,0.053,0.374,10.7,0.413,0.331,0.256,0.32,0.381,0.299,30.5,362.0,26.0,2024,21,111,75,34,0.2846497764530551,735,0.02857142857142857,0.1510204081632653,0.10204081632653061,0.04625850340136054,True,109.25,706.0
2023,10155,mike trout,Mike Trout,LAA,0.124,0.287,0.22899999999999998,0.725,0.444,0.597,0.821,0.755,0.109,91.9,114.3,0.519,0.16,0.374,19.3,0.33,0.42700000000000005,0.243,0.43700000000000006,0.29600000000000004,0.267,30.5,362.0,31.0,2024,10,17,14,6,0.22018348623853212,126,0.07936507936507936,0.1349206349206349,0.1111111111111111,0.047619047619047616,True,126.88,612.0
2023,16512,isiah kiner falefa,Isiah Kiner-Falefa,NYY,0.078,0.19399999999999998,0.302,0.621,0.447,0.6709999999999999,0.907,0.82,0.08,88.8,109.6,0.392,0.031,0.374,7.2,0.494,0.259,0.247,0.35,0.392,0.258,30.5,361.0,28.0,2024,8,53,43,11,0.26881720430107525,496,0.016129032258064516,0.10685483870967742,0.08669354838709678,0.02217741935483871,True,116.96,611.0
2023,9774,christian vazquez,Christian Vazquez,MIN,0.07,0.231,0.377,0.645,0.485,0.7040000000000001,0.8059999999999999,0.759,0.11699999999999999,86.7,106.6,0.32799999999999996,0.032,0.374,10.0,0.429,0.33899999999999997,0.233,0.34,0.397,0.263,30.5,355.0,32.0,2024,7,29,27,3,0.22108843537414966,315,0.022222222222222223,0.09206349206349207,0.08571428571428572,0.009523809523809525,True,105.68,768.0
2023,27478,patrick bailey,Patrick Bailey,SFG,0.059000000000000004,0.28300000000000003,0.299,0.665,0.465,0.589,0.8590000000000001,0.764,0.11,88.7,108.6,0.384,0.1,0.374,10.1,0.43200000000000005,0.344,0.225,0.441,0.28800000000000003,0.271,30.5,353.0,24.0,2024,8,46,46,4,0.2344139650872818,448,0.017857142857142856,0.10267857142857142,0.10267857142857142,0.008928571428571428,True,101.73,669.0
2023,10950,adam duvall,Adam Duvall,BOS,0.062,0.312,0.37799999999999995,0.642,0.483,0.6,0.821,0.716,0.13699999999999998,88.8,110.0,0.391,0.13,0.374,28.9,0.205,0.5670000000000001,0.228,0.586,0.26,0.153,30.5,353.0,34.0,2024,11,29,30,0,0.18151815181518152,330,0.03333333333333333,0.08787878787878788,0.09090909090909091,0.0,True,97.71,706.0
2023,15679,rowdy tellez,Rowdy Tellez,MIL,0.1,0.245,0.271,0.5329999999999999,0.385,0.677,0.883,0.8009999999999999,0.076,89.9,114.8,0.40399999999999997,0.087,0.374,15.2,0.374,0.43,0.196,0.38299999999999995,0.4,0.217,30.5,351.0,28.0,2024,13,38,56,1,0.24281984334203655,421,0.030878859857482184,0.09026128266033254,0.1330166270783848,0.0023752969121140144,True,119.45,647.0
2023,19734,josh rojas,Josh Rojas,- - -,0.077,0.231,0.29100000000000004,0.633,0.439,0.652,0.861,0.782,0.095,87.1,105.7,0.28600000000000003,0.037000000000000005,0.374,12.9,0.402,0.368,0.231,0.41,0.335,0.255,30.5,350.0,29.0,2024,8,48,31,10,0.22511848341232227,476,0.01680672268907563,0.10084033613445378,0.06512605042016807,0.02100840336134454,True,109.06,673.0
2023,17273,jorge mateo,Jorge Mateo,BAL,0.063,0.23399999999999999,0.361,0.684,0.494,0.561,0.873,0.738,0.129,88.4,112.4,0.384,0.053,0.374,10.5,0.44299999999999995,0.376,0.18100000000000002,0.41,0.34,0.25,30.5,350.0,28.0,2024,5,30,18,13,0.22916666666666666,208,0.02403846153846154,0.14423076923076922,0.08653846153846154,0.0625,True,99.54,772.0
2023,22458,taylor walls,Taylor Walls,TBR,0.126,0.264,0.213,0.691,0.428,0.578,0.8320000000000001,0.763,0.10099999999999999,86.7,104.8,0.28800000000000003,0.033,0.374,19.1,0.35200000000000004,0.462,0.18600000000000003,0.358,0.406,0.23600000000000002,30.5,349.0,26.0,2024,1,27,14,16,0.1834862385321101,252,0.003968253968253968,0.10714285714285714,0.05555555555555555,0.06349206349206349,True,123.86,856.0
2023,14161,byron buxton,Byron Buxton,MIN,0.10099999999999999,0.314,0.313,0.743,0.5,0.523,0.8240000000000001,0.718,0.141,91.5,116.9,0.457,0.146,0.374,20.1,0.317,0.5429999999999999,0.141,0.528,0.302,0.171,30.5,347.0,29.0,2024,18,62,56,7,0.27887323943661974,388,0.04639175257731959,0.15979381443298968,0.14432989690721648,0.01804123711340206,True,109.79,768.0
2023,27615,alec burleson,Alec Burleson,STL,0.066,0.13,0.371,0.718,0.515,0.754,0.9109999999999999,0.845,0.08,89.9,110.6,0.406,0.057999999999999996,0.374,12.4,0.41200000000000003,0.36700000000000005,0.221,0.38799999999999996,0.35200000000000004,0.26,30.5,347.0,24.0,2024,21,71,78,9,0.2687385740402194,595,0.03529411764705882,0.11932773109243698,0.13109243697478992,0.015126050420168067,True,110.87,681.0
2023,22563,gabriel arias,Gabriel Arias,CLE,0.081,0.32799999999999996,0.379,0.774,0.551,0.479,0.7509999999999999,0.645,0.195,91.1,114.4,0.46299999999999997,0.099,0.374,3.7,0.523,0.29600000000000004,0.18100000000000002,0.33,0.39399999999999996,0.276,30.5,345.0,23.0,2024,3,15,15,5,0.2222222222222222,161,0.018633540372670808,0.09316770186335403,0.09316770186335403,0.031055900621118012,True,94.7,563.0
2023,19901,gavin sheets,Gavin Sheets,CHW,0.081,0.192,0.331,0.69,0.474,0.71,0.875,0.8059999999999999,0.092,88.1,109.5,0.325,0.052000000000000005,0.374,16.9,0.37799999999999995,0.466,0.157,0.462,0.321,0.217,30.5,344.0,27.0,2024,10,35,45,2,0.2328159645232816,501,0.01996007984031936,0.06986027944111776,0.08982035928143713,0.003992015968063872,True,111.04,575.0
2023,18030,harrison bader,Harrison Bader,- - -,0.049,0.172,0.37200000000000005,0.654,0.485,0.634,0.88,0.767,0.113,85.9,110.2,0.317,0.053,0.374,17.8,0.365,0.46799999999999997,0.16699999999999998,0.426,0.34,0.23399999999999999,30.5,344.0,29.0,2024,12,57,51,17,0.236318407960199,437,0.02745995423340961,0.13043478260869565,0.11670480549199085,0.038901601830663615,True,96.01,673.0
2023,15161,mitch garver,Mitch Garver,TEX,0.128,0.23800000000000002,0.21,0.634,0.39399999999999996,0.6409999999999999,0.863,0.7959999999999999,0.08,90.0,113.2,0.419,0.126,0.374,20.5,0.304,0.48100000000000004,0.215,0.491,0.336,0.17300000000000001,30.5,344.0,32.0,2024,15,37,51,0,0.17166212534059946,430,0.03488372093023256,0.08604651162790698,0.1186046511627907,0.0,True,126.18,880.0
2023,13152,jorge polanco,Jorge Polanco,MIN,0.105,0.257,0.315,0.688,0.46399999999999997,0.608,0.885,0.772,0.105,88.4,111.4,0.406,0.138,0.374,21.6,0.287,0.46799999999999997,0.245,0.424,0.364,0.212,30.5,343.0,29.0,2024,16,43,45,4,0.21342925659472423,469,0.03411513859275053,0.09168443496801706,0.09594882729211088,0.008528784648187633,True,115.45,768.0
2023,20308,jake meyers,Jake Meyers,HOU,0.076,0.258,0.302,0.711,0.478,0.544,0.8540000000000001,0.742,0.12300000000000001,86.0,108.3,0.27899999999999997,0.063,0.374,13.8,0.423,0.405,0.17300000000000001,0.428,0.315,0.257,30.5,341.0,27.0,2024,13,51,61,11,0.21908893709327548,513,0.025341130604288498,0.09941520467836257,0.1189083820662768,0.021442495126705652,True,101.82,819.0
2023,9241,starling marte,Starling Marte,NYM,0.047,0.20199999999999999,0.392,0.7290000000000001,0.532,0.588,0.878,0.753,0.131,88.2,110.9,0.395,0.055999999999999994,0.374,6.3,0.523,0.29600000000000004,0.18100000000000002,0.363,0.34700000000000003,0.29,30.5,341.0,34.0,2024,7,46,40,16,0.26865671641791045,370,0.01891891891891892,0.12432432432432433,0.10810810810810811,0.043243243243243246,True,93.06,645.0
2023,19252,cavan biggio,Cavan Biggio,TOR,0.11800000000000001,0.26,0.191,0.649,0.395,0.51,0.883,0.7829999999999999,0.086,88.4,109.8,0.33,0.07400000000000001,0.374,15.7,0.38,0.415,0.205,0.44799999999999995,0.3,0.251,30.5,338.0,28.0,2024,5,27,19,2,0.19680851063829788,224,0.022321428571428572,0.12053571428571429,0.08482142857142858,0.008928571428571428,True,119.28,740.0
2023,14712,manuel margot,Manuel Margot,TBR,0.054000000000000006,0.16399999999999998,0.32899999999999996,0.718,0.495,0.632,0.867,0.777,0.11,87.9,111.5,0.37799999999999995,0.039,0.374,10.5,0.457,0.348,0.195,0.405,0.313,0.282,30.5,336.0,28.0,2024,4,37,31,5,0.23809523809523808,343,0.011661807580174927,0.10787172011661808,0.09037900874635568,0.014577259475218658,True,96.47,856.0
2023,24618,ryan jeffers,Ryan Jeffers,MIN,0.099,0.278,0.321,0.647,0.451,0.605,0.8370000000000001,0.738,0.11800000000000001,90.5,117.4,0.42700000000000005,0.11599999999999999,0.374,17.2,0.39399999999999996,0.425,0.18100000000000002,0.42200000000000004,0.302,0.276,30.5,335.0,26.0,2024,21,56,64,3,0.22572815533980584,465,0.04516129032258064,0.12043010752688173,0.13763440860215054,0.0064516129032258064,True,107.33,768.0
2023,15429,kris bryant,Kris Bryant,COL,0.087,0.203,0.29,0.7340000000000001,0.45899999999999996,0.611,0.8690000000000001,0.769,0.106,85.7,108.8,0.315,0.06,0.374,14.4,0.384,0.38799999999999996,0.228,0.491,0.345,0.16399999999999998,30.5,335.0,31.0,2024,2,9,15,0,0.21804511278195488,155,0.012903225806451613,0.05806451612903226,0.0967741935483871,0.0,True,106.43,565.0
2023,14128,joey gallo,Joey Gallo,MIN,0.145,0.428,0.29100000000000004,0.736,0.47,0.38299999999999995,0.7090000000000001,0.589,0.193,93.0,112.6,0.529,0.193,0.374,26.4,0.295,0.583,0.122,0.586,0.207,0.207,30.5,332.0,29.0,2024,10,24,27,3,0.16143497757847533,260,0.038461538461538464,0.09230769230769231,0.10384615384615385,0.011538461538461539,True,106.8,768.0
2023,10028,christian bethancourt,Christian Bethancourt,TBR,0.039,0.27399999999999997,0.47600000000000003,0.787,0.593,0.52,0.8,0.66,0.201,88.6,109.2,0.408,0.079,0.374,11.2,0.48700000000000004,0.375,0.138,0.504,0.316,0.18,30.5,332.0,31.0,2024,5,18,22,3,0.20863309352517986,147,0.034013605442176874,0.12244897959183673,0.14965986394557823,0.02040816326530612,True,78.68,856.0
2023,19293,nick senzel,Nick Senzel,CIN,0.079,0.22399999999999998,0.318,0.721,0.489,0.677,0.871,0.799,0.098,87.4,108.8,0.341,0.048,0.374,15.2,0.42100000000000004,0.386,0.193,0.45399999999999996,0.31,0.23600000000000002,30.5,330.0,28.0,2024,7,25,18,1,0.19491525423728814,267,0.026217228464419477,0.09363295880149813,0.06741573033707865,0.003745318352059925,True,105.17,774.0
2023,21707,oswaldo cabrera,Oswaldo Cabrera,NYY,0.076,0.218,0.312,0.74,0.501,0.629,0.877,0.7909999999999999,0.105,87.8,106.8,0.325,0.035,0.374,13.4,0.45,0.395,0.155,0.39799999999999996,0.34600000000000003,0.255,30.5,330.0,24.0,2024,8,47,36,4,0.24749163879598662,326,0.024539877300613498,0.1441717791411043,0.11042944785276074,0.012269938650306749,True,103.39,611.0
2023,21853,will benson,Will Benson,CIN,0.122,0.313,0.23199999999999998,0.6920000000000001,0.426,0.519,0.79,0.705,0.126,90.2,108.1,0.42200000000000004,0.10300000000000001,0.374,14.6,0.373,0.395,0.23199999999999998,0.35700000000000004,0.449,0.195,30.5,329.0,25.0,2024,14,41,43,16,0.18658892128279883,388,0.03608247422680412,0.1056701030927835,0.11082474226804123,0.041237113402061855,True,109.72,774.0
2023,31347,zach neto,Zach Neto,LAA,0.061,0.23399999999999999,0.298,0.701,0.474,0.525,0.84,0.728,0.129,89.1,109.9,0.40299999999999997,0.08800000000000001,0.374,14.5,0.379,0.41600000000000004,0.20600000000000002,0.46799999999999997,0.282,0.25,30.5,329.0,22.0,2024,23,70,77,30,0.24907749077490776,602,0.03820598006644518,0.11627906976744186,0.12790697674418605,0.04983388704318937,True,91.92,612.0
2023,22277,nick allen,Nick Allen,OAK,0.052000000000000005,0.158,0.321,0.698,0.48700000000000004,0.6809999999999999,0.9159999999999999,0.8290000000000001,0.083,84.8,107.1,0.266,0.012,0.374,6.8,0.527,0.335,0.139,0.313,0.39399999999999996,0.293,30.5,329.0,24.0,2024,1,6,4,0,0.17525773195876287,105,0.009523809523809525,0.05714285714285714,0.0380952380952381,0.0,True,98.93,531.0
2023,21538,nick fortes,Nick Fortes,MIA,0.053,0.183,0.285,0.6579999999999999,0.449,0.7609999999999999,0.8959999999999999,0.848,0.068,88.2,108.5,0.35,0.038,0.374,13.9,0.45799999999999996,0.41100000000000003,0.131,0.45799999999999996,0.325,0.217,30.5,323.0,26.0,2024,4,28,29,0,0.22727272727272727,335,0.011940298507462687,0.08358208955223881,0.08656716417910448,0.0,True,99.29,585.0
2023,20311,corey julks,Corey Julks,HOU,0.068,0.23199999999999998,0.319,0.657,0.45799999999999996,0.647,0.8490000000000001,0.7659999999999999,0.107,87.9,111.2,0.36,0.049,0.374,17.0,0.36,0.387,0.253,0.396,0.34700000000000003,0.258,30.5,323.0,27.0,2024,3,17,14,5,0.2138728323699422,189,0.015873015873015872,0.08994708994708994,0.07407407407407407,0.026455026455026454,True,96.19,819.0
2023,19956,mickey moniak,Mickey Moniak,LAA,0.027999999999999997,0.35,0.488,0.794,0.613,0.503,0.767,0.643,0.21899999999999997,89.0,110.5,0.384,0.126,0.374,19.7,0.313,0.446,0.24100000000000002,0.465,0.32299999999999995,0.212,30.5,323.0,25.0,2024,14,48,49,8,0.2193877551020408,418,0.03349282296650718,0.11483253588516747,0.11722488038277512,0.019138755980861243,True,71.35,612.0
2023,20325,alex kirilloff,Alex Kirilloff,MIN,0.08800000000000001,0.251,0.35,0.6679999999999999,0.473,0.632,0.848,0.75,0.11800000000000001,88.6,108.7,0.377,0.07400000000000001,0.374,12.4,0.397,0.294,0.309,0.358,0.358,0.284,30.5,319.0,25.0,2024,5,20,20,0,0.20125786163522014,178,0.028089887640449437,0.11235955056179775,0.11235955056179775,0.0,True,99.85,768.0
2023,19455,andruw monasterio,Andruw Monasterio,MIL,0.08900000000000001,0.21,0.259,0.623,0.419,0.667,0.862,0.794,0.086,88.8,106.3,0.335,0.055,0.374,17.7,0.327,0.415,0.258,0.37200000000000005,0.33899999999999997,0.289,30.5,315.0,26.0,2024,1,14,16,6,0.208,142,0.007042253521126761,0.09859154929577464,0.11267605633802817,0.04225352112676056,True,103.07,647.0
2023,21614,kyle isbel,Kyle Isbel,KCR,0.054000000000000006,0.188,0.317,0.6459999999999999,0.46399999999999997,0.66,0.9109999999999999,0.816,0.085,89.4,110.6,0.39799999999999996,0.055,0.374,14.6,0.40399999999999997,0.43,0.165,0.415,0.34700000000000003,0.237,30.5,313.0,26.0,2024,8,62,42,11,0.22916666666666666,426,0.018779342723004695,0.14553990610328638,0.09859154929577464,0.025821596244131457,True,93.52,623.0
2023,21622,jake mccarthy,Jake McCarthy,ARI,0.083,0.19899999999999998,0.33299999999999996,0.7240000000000001,0.5,0.637,0.914,0.8079999999999999,0.095,85.3,108.5,0.237,0.023,0.374,7.5,0.51,0.27399999999999997,0.21600000000000003,0.379,0.33299999999999996,0.28800000000000003,30.5,312.0,25.0,2024,8,66,56,25,0.2850678733031674,495,0.01616161616161616,0.13333333333333333,0.11313131313131314,0.050505050505050504,True,101.52,680.0
2023,19318,matt thaiss,Matt Thaiss,LAA,0.11699999999999999,0.27,0.237,0.76,0.45899999999999996,0.547,0.762,0.698,0.138,88.5,110.0,0.40700000000000003,0.10400000000000001,0.374,9.2,0.425,0.365,0.21,0.41200000000000003,0.335,0.253,30.5,307.0,28.0,2024,2,14,16,3,0.20382165605095542,186,0.010752688172043012,0.07526881720430108,0.08602150537634409,0.016129032258064516,True,100.2,612.0
2023,20543,elehuris montero,Elehuris Montero,COL,0.049,0.36200000000000004,0.455,0.66,0.53,0.469,0.816,0.628,0.19699999999999998,88.3,110.5,0.44299999999999995,0.068,0.374,9.8,0.449,0.375,0.17600000000000002,0.415,0.335,0.25,30.5,307.0,24.0,2024,4,23,28,0,0.20535714285714285,247,0.016194331983805668,0.0931174089068826,0.11336032388663968,0.0,True,72.88,565.0
2023,20178,miguel vargas,Miguel Vargas,LAD,0.125,0.201,0.243,0.706,0.442,0.647,0.879,0.8059999999999999,0.085,86.8,109.0,0.313,0.06,0.374,16.6,0.37200000000000005,0.467,0.161,0.375,0.35,0.275,30.5,304.0,23.0,2024,5,22,16,3,0.15048543689320387,237,0.02109704641350211,0.09282700421940929,0.06751054852320675,0.012658227848101266,True,111.51,852.0
2023,26368,jj bleday,JJ Bleday,OAK,0.139,0.23800000000000002,0.24,0.7090000000000001,0.434,0.561,0.845,0.753,0.107,88.6,108.8,0.353,0.064,0.374,15.5,0.435,0.429,0.136,0.465,0.31,0.225,30.5,303.0,25.0,2024,20,74,60,2,0.243006993006993,642,0.03115264797507788,0.11526479750778816,0.09345794392523364,0.003115264797507788,True,110.56,531.0
2023,13602,patrick wisdom,Patrick Wisdom,CHC,0.099,0.368,0.278,0.737,0.46799999999999997,0.516,0.7909999999999999,0.695,0.14300000000000002,92.7,114.6,0.547,0.201,0.374,21.7,0.306,0.529,0.166,0.45899999999999996,0.371,0.17,30.5,302.0,31.0,2024,8,16,23,5,0.17088607594936708,174,0.04597701149425287,0.09195402298850575,0.13218390804597702,0.028735632183908046,True,92.86,790.0
2023,16535,danny jansen,Danny Jansen,TOR,0.076,0.20600000000000002,0.289,0.722,0.46799999999999997,0.662,0.873,0.7959999999999999,0.095,88.3,109.0,0.374,0.107,0.374,19.7,0.34,0.524,0.136,0.5489999999999999,0.257,0.19399999999999998,30.5,301.0,28.0,2024,9,35,24,0,0.20503597122302158,324,0.027777777777777776,0.10802469135802469,0.07407407407407407,0.0,True,94.75,740.0
2023,29766,zack gelof,Zack Gelof,OAK,0.087,0.273,0.325,0.735,0.502,0.563,0.747,0.679,0.161,89.8,108.5,0.413,0.111,0.374,11.8,0.41,0.335,0.255,0.466,0.349,0.185,30.5,300.0,23.0,2024,17,60,49,25,0.2112676056338028,547,0.031078610603290677,0.10968921389396709,0.08957952468007313,0.04570383912248629,True,87.21,531.0
2023,17022,edmundo sosa,Edmundo Sosa,PHI,0.027000000000000003,0.247,0.44799999999999995,0.77,0.59,0.635,0.825,0.7440000000000001,0.151,86.8,111.8,0.321,0.067,0.374,13.8,0.42200000000000004,0.374,0.204,0.49,0.317,0.192,30.5,300.0,27.0,2024,7,39,31,7,0.2570281124497992,274,0.025547445255474453,0.14233576642335766,0.11313868613138686,0.025547445255474453,True,75.06,794.0
2023,7739,travis darnaud,Travis d'Arnaud,ATL,0.07200000000000001,0.22899999999999998,0.319,0.769,0.52,0.624,0.7829999999999999,0.7290000000000001,0.14,90.7,110.8,0.428,0.09,0.374,10.3,0.423,0.373,0.204,0.418,0.294,0.289,30.5,292.0,34.0,2024,15,40,48,1,0.23778501628664495,341,0.04398826979472141,0.11730205278592376,0.14076246334310852,0.002932551319648094,True,84.88,932.0
2023,13768,travis jankowski,Travis Jankowski,TEX,0.122,0.146,0.19699999999999998,0.596,0.374,0.772,0.9390000000000001,0.89,0.040999999999999995,85.3,108.7,0.255,0.0,0.374,8.1,0.505,0.289,0.20600000000000002,0.303,0.375,0.322,30.5,287.0,32.0,2024,1,19,12,11,0.2,207,0.004830917874396135,0.09178743961352658,0.057971014492753624,0.05314009661835749,True,111.64,880.0
2023,13324,ildemaro vargas,Ildemaro Vargas,WSN,0.066,0.07,0.308,0.624,0.455,0.805,0.9359999999999999,0.888,0.05,87.1,111.0,0.313,0.024,0.374,4.1,0.5670000000000001,0.26899999999999996,0.16399999999999998,0.439,0.366,0.195,30.5,286.0,31.0,2024,1,21,30,9,0.24632352941176472,303,0.0033003300330033004,0.06930693069306931,0.09900990099009901,0.0297029702970297,True,95.07,643.0
2023,19890,emmanuel rivera,Emmanuel Rivera,ARI,0.078,0.198,0.304,0.705,0.467,0.578,0.877,0.762,0.111,90.7,109.3,0.46299999999999997,0.059000000000000004,0.374,11.2,0.434,0.327,0.239,0.327,0.4,0.273,30.5,283.0,27.0,2024,5,24,29,2,0.23773584905660378,302,0.016556291390728478,0.07947019867549669,0.09602649006622517,0.006622516556291391,True,86.77,680.0
2023,23401,jose caballero,Jose Caballero,SEA,0.1,0.23600000000000002,0.312,0.586,0.425,0.639,0.895,0.7859999999999999,0.091,83.3,108.4,0.237,0.036000000000000004,0.374,21.5,0.32299999999999995,0.479,0.198,0.485,0.29600000000000004,0.21899999999999997,30.5,280.0,26.0,2024,9,53,44,44,0.22675736961451248,483,0.018633540372670808,0.10973084886128365,0.09109730848861283,0.09109730848861283,True,94.02,679.0
2023,27577,casey schmitt,Casey Schmitt,SFG,0.047,0.235,0.414,0.738,0.5489999999999999,0.597,0.875,0.752,0.135,88.1,111.6,0.34,0.067,0.374,15.1,0.395,0.384,0.221,0.40700000000000003,0.34,0.253,30.5,277.0,24.0,2024,6,11,16,0,0.2523364485981308,113,0.05309734513274336,0.09734513274336283,0.1415929203539823,0.0,True,75.51,669.0
2023,13723,jacob stallings,Jacob Stallings,MIA,0.098,0.243,0.24600000000000002,0.619,0.406,0.5720000000000001,0.9129999999999999,0.795,0.083,89.7,106.8,0.402,0.055999999999999994,0.374,9.1,0.483,0.368,0.149,0.35200000000000004,0.358,0.29100000000000004,30.5,276.0,33.0,2024,9,31,36,0,0.26337448559670784,281,0.03202846975088968,0.1103202846975089,0.12811387900355872,0.0,True,92.87,585.0
2023,15194,jake bauers,Jake Bauers,NYY,0.099,0.349,0.275,0.6890000000000001,0.45799999999999996,0.49700000000000005,0.8029999999999999,0.701,0.13699999999999998,89.1,113.5,0.48700000000000004,0.187,0.374,13.8,0.38,0.42700000000000005,0.193,0.447,0.32,0.233,30.5,272.0,27.0,2024,12,45,43,13,0.1986754966887417,346,0.03468208092485549,0.13005780346820808,0.12427745664739884,0.03757225433526012,True,84.13,611.0
2023,11442,gary sanchez,Gary Sanchez,- - -,0.079,0.251,0.289,0.598,0.418,0.5710000000000001,0.857,0.741,0.10800000000000001,90.1,115.1,0.446,0.154,0.374,16.6,0.39399999999999996,0.469,0.13699999999999998,0.474,0.366,0.16,30.5,267.0,30.0,2024,11,30,37,0,0.22040816326530613,280,0.039285714285714285,0.10714285714285714,0.13214285714285715,0.0,True,80.45,673.0
2023,15711,tyler oneill,Tyler O'Neill,STL,0.105,0.252,0.285,0.71,0.449,0.56,0.871,0.75,0.11199999999999999,89.2,111.4,0.433,0.12300000000000001,0.374,15.0,0.42700000000000005,0.38,0.193,0.39799999999999996,0.39799999999999996,0.205,30.5,266.0,28.0,2024,31,74,61,4,0.24087591240875914,473,0.06553911205073996,0.15644820295983086,0.12896405919661733,0.008456659619450317,True,87.78,681.0
2023,19339,nicky lopez,Nicky Lopez,- - -,0.099,0.153,0.306,0.7020000000000001,0.478,0.682,0.863,0.7979999999999999,0.096,86.7,107.8,0.237,0.011000000000000001,0.374,0.5,0.57,0.204,0.226,0.368,0.363,0.268,30.5,262.0,28.0,2024,1,40,21,5,0.24120603015075376,445,0.0022471910112359553,0.0898876404494382,0.04719101123595506,0.011235955056179775,True,88.66,673.0
2023,5517,kyle higashioka,Kyle Higashioka,NYY,0.054000000000000006,0.285,0.34299999999999997,0.6759999999999999,0.491,0.526,0.868,0.736,0.13,90.1,109.2,0.483,0.11,0.374,15.4,0.392,0.409,0.19899999999999998,0.529,0.273,0.198,30.5,260.0,33.0,2024,17,29,45,2,0.21951219512195122,263,0.06463878326996197,0.11026615969581749,0.17110266159695817,0.0076045627376425855,True,71.45,611.0
2023,27676,vinnie pasquantino,Vinnie Pasquantino,KCR,0.096,0.11900000000000001,0.359,0.629,0.46399999999999997,0.7390000000000001,0.9309999999999999,0.84,0.07400000000000001,89.3,109.8,0.401,0.07400000000000001,0.374,17.4,0.36,0.425,0.215,0.433,0.353,0.214,30.5,260.0,25.0,2024,19,64,97,1,0.2620967741935484,554,0.03429602888086643,0.11552346570397112,0.17509025270758122,0.0018050541516245488,True,90.48,623.0
2023,20321,stuart fairchild,Stuart Fairchild,CIN,0.098,0.271,0.27899999999999997,0.784,0.511,0.486,0.7829999999999999,0.695,0.155,85.9,109.7,0.297,0.077,0.374,14.3,0.39299999999999996,0.387,0.22,0.503,0.284,0.213,30.5,255.0,27.0,2024,8,33,30,13,0.215311004784689,233,0.034334763948497854,0.14163090128755365,0.12875536480686695,0.055793991416309016,True,78.16,774.0
2023,29617,henry davis,Henry Davis,PIT,0.098,0.271,0.318,0.642,0.446,0.5760000000000001,0.866,0.741,0.115,88.6,109.9,0.414,0.07,0.374,12.5,0.446,0.369,0.185,0.49,0.331,0.17800000000000002,30.5,255.0,23.0,2024,1,9,5,0,0.14423076923076922,122,0.00819672131147541,0.07377049180327869,0.040983606557377046,0.0,True,81.68,594.0
2023,20126,dylan carlson,Dylan Carlson,STL,0.102,0.192,0.28600000000000003,0.711,0.46,0.6609999999999999,0.879,0.799,0.09300000000000001,89.4,109.1,0.376,0.057999999999999996,0.374,15.0,0.436,0.384,0.18,0.34700000000000003,0.39299999999999996,0.26,30.5,255.0,24.0,2024,3,19,25,2,0.20851063829787234,265,0.011320754716981131,0.07169811320754717,0.09433962264150944,0.007547169811320755,True,87.13,681.0
2023,26466,matt wallner,Matt Wallner,MIN,0.11,0.315,0.287,0.741,0.47100000000000003,0.579,0.727,0.6729999999999999,0.154,91.9,116.4,0.48100000000000004,0.188,0.374,21.0,0.32299999999999995,0.474,0.203,0.489,0.24100000000000002,0.271,30.5,254.0,25.0,2024,13,26,37,3,0.2590909090909091,261,0.04980842911877394,0.09961685823754789,0.1417624521072797,0.011494252873563218,True,79.22,768.0
2023,19997,santiago espinal,Santiago Espinal,TOR,0.071,0.142,0.29600000000000004,0.643,0.441,0.747,0.898,0.8390000000000001,0.071,87.0,106.8,0.294,0.01,0.374,11.4,0.435,0.342,0.223,0.42100000000000004,0.325,0.254,30.5,254.0,28.0,2024,9,32,45,11,0.24649859943977592,391,0.023017902813299233,0.08184143222506395,0.11508951406649616,0.028132992327365727,True,81.97,740.0
2023,26467,luis matos,Luis Matos,SFG,0.079,0.13,0.284,0.716,0.462,0.722,0.9209999999999999,0.8490000000000001,0.07,87.1,108.4,0.31,0.02,0.374,6.3,0.451,0.374,0.174,0.42100000000000004,0.406,0.17300000000000001,30.5,253.0,21.0,2024,5,14,25,0,0.21333333333333335,156,0.03205128205128205,0.08974358974358974,0.16025641025641027,0.0,True,84.43,669.0
2023,17696,kevin newman,Kevin Newman,CIN,0.067,0.134,0.316,0.653,0.466,0.7879999999999999,0.932,0.878,0.057,86.5,105.7,0.293,0.025,0.374,12.0,0.446,0.313,0.24100000000000002,0.389,0.369,0.242,30.5,253.0,29.0,2024,3,41,28,8,0.2777777777777778,311,0.00964630225080386,0.13183279742765272,0.09003215434083602,0.02572347266881029,True,83.59,774.0
2023,19262,garrett hampson,Garrett Hampson,MIA,0.091,0.266,0.29100000000000004,0.589,0.42200000000000004,0.613,0.845,0.754,0.10300000000000001,86.6,108.5,0.28300000000000003,0.031,0.374,11.8,0.42700000000000005,0.33299999999999996,0.24,0.34600000000000003,0.327,0.327,30.5,252.0,28.0,2024,0,16,16,7,0.2300469483568075,231,0.0,0.06926406926406926,0.06926406926406926,0.030303030303030304,True,79.93,585.0
2024,24617,jarren duran,Jarren Duran,BOS,0.073,0.218,0.312,0.708,0.48200000000000004,0.602,0.887,0.7809999999999999,0.105,90.8,113.9,0.439,0.09300000000000001,0.374,9.5,0.466,0.35200000000000004,0.183,0.322,0.381,0.297,30.5,735.0,27.0,2025,16,86,84,24,0.2564516129032258,696,0.022988505747126436,0.1235632183908046,0.1206896551724138,0.034482758620689655,True,225.87,707.0
2024,19755,shohei ohtani,Shohei Ohtani,LAD,0.111,0.222,0.305,0.705,0.47200000000000003,0.594,0.82,0.735,0.125,95.8,119.2,0.598,0.214,0.374,16.2,0.36,0.40399999999999997,0.23600000000000002,0.424,0.34700000000000003,0.23,30.5,731.0,29.0,2025,55,146,102,20,0.281505728314239,727,0.07565337001375516,0.20082530949105915,0.14030261348005502,0.027510316368638238,True,242.33,781.0
2024,26289,gunnar henderson,Gunnar Henderson,BAL,0.10800000000000001,0.221,0.262,0.6859999999999999,0.442,0.623,0.858,0.778,0.098,92.8,113.1,0.539,0.11199999999999999,0.374,9.2,0.467,0.326,0.20600000000000002,0.392,0.377,0.23199999999999998,30.5,719.0,23.0,2025,17,85,68,30,0.2738301559792028,651,0.026113671274961597,0.130568356374808,0.10445468509984639,0.04608294930875576,True,245.47,732.0
2024,12533,marcus semien,Marcus Semien,TEX,0.08900000000000001,0.146,0.303,0.787,0.5,0.642,0.904,0.81,0.095,87.4,112.1,0.35200000000000004,0.066,0.374,17.0,0.396,0.425,0.179,0.504,0.293,0.203,30.5,718.0,33.0,2025,15,62,62,11,0.2297872340425532,534,0.028089887640449437,0.11610486891385768,0.11610486891385768,0.020599250936329586,True,238.38,654.0
2024,20123,juan soto,Juan Soto,NYY,0.18100000000000002,0.16699999999999998,0.213,0.601,0.369,0.674,0.8640000000000001,0.799,0.07400000000000001,94.2,115.7,0.568,0.19699999999999998,0.374,10.7,0.436,0.36,0.204,0.451,0.34700000000000003,0.20199999999999999,30.5,713.0,25.0,2025,43,120,105,38,0.2634315424610052,715,0.06013986013986014,0.16783216783216784,0.14685314685314685,0.05314685314685315,True,299.96,784.0
2024,25764,bobby witt,Bobby Witt Jr.,KCR,0.08,0.15,0.354,0.748,0.512,0.7,0.884,0.8079999999999999,0.098,92.7,116.9,0.483,0.14300000000000002,0.374,15.1,0.37,0.444,0.18600000000000003,0.35100000000000003,0.385,0.264,30.5,709.0,24.0,2025,23,99,88,38,0.2953451043338684,687,0.033478893740902474,0.14410480349344978,0.12809315866084425,0.055312954876273655,True,228.58,709.0
2024,15640,aaron judge,Aaron Judge,NYY,0.18899999999999997,0.243,0.213,0.7190000000000001,0.42,0.489,0.807,0.7120000000000001,0.121,96.2,117.5,0.611,0.26899999999999996,0.374,18.9,0.305,0.462,0.233,0.4,0.349,0.251,30.5,704.0,32.0,2025,53,137,114,12,0.33086876155268025,679,0.0780559646539028,0.20176730486008837,0.16789396170839468,0.017673048600883652,True,283.43,784.0
2024,19611,vladimir guerrero,Vladimir Guerrero Jr.,TOR,0.10300000000000001,0.138,0.306,0.71,0.48,0.667,0.878,0.8009999999999999,0.096,93.8,117.6,0.5479999999999999,0.13699999999999998,0.374,7.4,0.48100000000000004,0.33399999999999996,0.185,0.353,0.395,0.252,30.5,697.0,25.0,2025,23,96,84,6,0.2920203735144312,680,0.033823529411764704,0.1411764705882353,0.12352941176470589,0.008823529411764706,True,239.28,518.0
2024,26668,elly de la cruz,Elly De La Cruz,CIN,0.099,0.313,0.297,0.624,0.429,0.498,0.805,0.679,0.138,91.8,114.7,0.457,0.127,0.374,9.7,0.46299999999999997,0.33,0.207,0.439,0.342,0.218,30.5,696.0,22.0,2025,22,102,86,37,0.26391096979332274,699,0.031473533619456366,0.1459227467811159,0.12303290414878398,0.05293276108726753,True,210.68,669.0
2024,24064,ezequiel tovar,Ezequiel Tovar,COL,0.033,0.28800000000000003,0.48100000000000004,0.826,0.619,0.524,0.835,0.69,0.192,88.8,110.6,0.397,0.09,0.374,18.9,0.32799999999999996,0.45899999999999996,0.213,0.38799999999999996,0.353,0.259,30.5,695.0,22.0,2025,9,44,33,5,0.25277777777777777,390,0.023076923076923078,0.11282051282051282,0.08461538461538462,0.01282051282051282,True,166.8,656.0
2024,19251,pete alonso,Pete Alonso,NYM,0.10099999999999999,0.247,0.294,0.629,0.429,0.618,0.88,0.773,0.09699999999999999,89.8,116.3,0.46399999999999997,0.132,0.374,14.4,0.42100000000000004,0.42100000000000004,0.157,0.428,0.303,0.26899999999999996,30.5,695.0,29.0,2025,38,87,126,1,0.2724358974358974,709,0.0535966149506347,0.1227080394922426,0.1777150916784203,0.0014104372355430183,True,231.37,735.0
2024,19326,bryan reynolds,Bryan Reynolds,PIT,0.08199999999999999,0.225,0.345,0.76,0.504,0.578,0.84,0.7290000000000001,0.136,89.9,111.6,0.45399999999999996,0.096,0.374,9.4,0.45799999999999996,0.322,0.22,0.386,0.348,0.267,30.5,692.0,29.0,2025,16,68,73,3,0.2453151618398637,654,0.024464831804281346,0.10397553516819572,0.11162079510703364,0.0045871559633027525,True,208.08,627.0
2024,16478,kyle schwarber,Kyle Schwarber,PHI,0.153,0.285,0.24,0.626,0.4,0.522,0.802,0.7040000000000001,0.11800000000000001,93.6,115.6,0.5489999999999999,0.156,0.374,15.0,0.41700000000000004,0.401,0.182,0.505,0.33299999999999996,0.161,30.5,692.0,31.0,2025,56,111,132,10,0.24006622516556292,724,0.07734806629834254,0.15331491712707182,0.18232044198895028,0.013812154696132596,True,252.03,745.0
2024,27647,anthony volpe,Anthony Volpe,NYY,0.061,0.226,0.324,0.659,0.475,0.669,0.8640000000000001,0.792,0.099,87.7,108.7,0.353,0.039,0.374,8.4,0.502,0.287,0.21100000000000002,0.321,0.40299999999999997,0.276,30.5,689.0,23.0,2025,19,65,72,18,0.21150278293135436,596,0.031879194630872486,0.10906040268456375,0.12080536912751678,0.030201342281879196,True,205.74,784.0
2024,12916,francisco lindor,Francisco Lindor,NYM,0.081,0.184,0.305,0.715,0.485,0.662,0.8540000000000001,0.7859999999999999,0.10300000000000001,90.9,112.7,0.474,0.136,0.374,17.0,0.345,0.43200000000000005,0.223,0.45299999999999996,0.34,0.20600000000000002,30.5,689.0,30.0,2025,31,117,86,31,0.2670807453416149,732,0.04234972677595628,0.1598360655737705,0.11748633879781421,0.04234972677595628,True,218.28,735.0
2024,15986,willy adames,Willy Adames,MIL,0.10800000000000001,0.251,0.315,0.732,0.494,0.5710000000000001,0.836,0.7390000000000001,0.129,88.6,112.3,0.40700000000000003,0.12,0.374,20.6,0.314,0.498,0.18899999999999997,0.452,0.336,0.21100000000000002,30.5,688.0,28.0,2025,30,94,87,12,0.22504230118443316,686,0.043731778425655975,0.13702623906705538,0.12682215743440234,0.01749271137026239,True,226.83,775.0
2024,10324,marcell ozuna,Marcell Ozuna,ATL,0.10800000000000001,0.247,0.29600000000000004,0.7490000000000001,0.46799999999999997,0.5489999999999999,0.8140000000000001,0.71,0.136,92.2,114.8,0.5329999999999999,0.154,0.374,14.4,0.38,0.384,0.23600000000000002,0.475,0.327,0.198,30.5,688.0,33.0,2025,21,61,68,0,0.23203285420944558,592,0.03547297297297297,0.10304054054054054,0.11486486486486487,0.0,True,220.85,595.0
2024,14344,matt olson,Matt Olson,ATL,0.10400000000000001,0.248,0.33299999999999996,0.732,0.49700000000000005,0.701,0.807,0.765,0.11699999999999999,91.5,113.9,0.474,0.124,0.374,16.1,0.359,0.43,0.21100000000000002,0.386,0.354,0.26,30.5,685.0,30.0,2025,29,98,95,1,0.2724358974358974,724,0.04005524861878453,0.13535911602209943,0.13121546961325967,0.0013812154696132596,True,228.45,595.0
2024,25878,corbin carroll,Corbin Carroll,ARI,0.107,0.19,0.27699999999999997,0.613,0.409,0.7190000000000001,0.884,0.816,0.075,89.3,111.5,0.408,0.07200000000000001,0.374,11.7,0.441,0.392,0.16699999999999998,0.406,0.33799999999999997,0.257,30.5,684.0,23.0,2025,31,107,84,32,0.25886524822695034,642,0.048286604361370715,0.16666666666666666,0.1308411214953271,0.04984423676012461,True,240.63,856.0
2024,13510,jose ramirez,Jose Ramirez,CLE,0.079,0.12,0.348,0.706,0.494,0.7829999999999999,0.922,0.8640000000000001,0.067,89.2,116.6,0.396,0.086,0.374,19.6,0.342,0.489,0.16899999999999998,0.528,0.278,0.195,30.5,682.0,31.0,2025,30,103,85,44,0.28330522765598654,673,0.04457652303120357,0.15304606240713226,0.1263001485884101,0.06537890044576523,True,230.65,678.0
2024,5417,jose altuve,Jose Altuve,HOU,0.069,0.174,0.396,0.6970000000000001,0.51,0.701,0.8859999999999999,0.7959999999999999,0.10400000000000001,86.5,108.4,0.312,0.065,0.374,14.1,0.419,0.335,0.24600000000000002,0.556,0.303,0.141,30.5,682.0,34.0,2025,26,80,77,10,0.2653061224489796,654,0.039755351681957186,0.12232415902140673,0.11773700305810397,0.01529051987767584,True,209.92,708.0
2024,20503,william contreras,William Contreras,MIL,0.115,0.205,0.29100000000000004,0.743,0.474,0.5720000000000001,0.8370000000000001,0.741,0.12300000000000001,92.8,118.1,0.495,0.1,0.374,6.1,0.545,0.29,0.166,0.39399999999999996,0.35100000000000003,0.255,30.5,679.0,26.0,2025,17,89,76,6,0.2597173144876325,659,0.025796661608497723,0.13505311077389984,0.11532625189681335,0.009104704097116844,True,229.03,775.0
2024,18568,luis arraez,Luis Arraez,- - -,0.036000000000000004,0.043,0.368,0.647,0.495,0.907,0.966,0.9420000000000001,0.028999999999999998,86.3,108.4,0.237,0.016,0.409,13.7,0.414,0.321,0.265,0.327,0.375,0.298,30.5,672.0,27.0,2025,8,66,61,11,0.29193548387096774,675,0.011851851851851851,0.09777777777777778,0.09037037037037036,0.016296296296296295,True,214.1,673.0
2024,10815,jurickson profar,Jurickson Profar,SDP,0.114,0.151,0.26,0.7070000000000001,0.45299999999999996,0.72,0.905,0.845,0.07,91.1,110.3,0.444,0.07200000000000001,0.374,13.4,0.42200000000000004,0.379,0.198,0.40399999999999997,0.359,0.237,30.5,668.0,31.0,2025,14,56,43,9,0.24528301886792453,371,0.03773584905660377,0.1509433962264151,0.11590296495956873,0.02425876010781671,True,245.49,697.0
2024,16997,gleyber torres,Gleyber Torres,NYY,0.098,0.205,0.26,0.7170000000000001,0.457,0.696,0.843,0.795,0.094,88.6,111.2,0.354,0.063,0.374,15.0,0.36700000000000005,0.40399999999999997,0.22899999999999998,0.341,0.33799999999999997,0.321,30.5,665.0,27.0,2025,16,79,74,4,0.2556390977443609,628,0.025477707006369428,0.12579617834394904,0.1178343949044586,0.006369426751592357,True,223.77,784.0
2024,14551,anthony santander,Anthony Santander,BAL,0.087,0.19399999999999998,0.375,0.688,0.49700000000000005,0.765,0.871,0.8220000000000001,0.08800000000000001,89.8,114.4,0.41600000000000004,0.11699999999999999,0.374,22.8,0.308,0.5479999999999999,0.14400000000000002,0.44799999999999995,0.316,0.23600000000000002,30.5,665.0,29.0,2025,6,16,18,0,0.17525773195876287,221,0.027149321266968326,0.07239819004524888,0.08144796380090498,0.0,True,221.84,732.0
2024,12927,brandon nimmo,Brandon Nimmo,NYM,0.11599999999999999,0.23800000000000002,0.276,0.677,0.44799999999999995,0.607,0.884,0.787,0.095,91.9,111.5,0.474,0.091,0.374,11.2,0.42100000000000004,0.38,0.2,0.382,0.368,0.25,30.5,663.0,31.0,2025,25,81,92,13,0.262350936967632,652,0.03834355828220859,0.12423312883435583,0.1411042944785276,0.019938650306748466,True,233.44,735.0
2024,17548,taylor ward,Taylor Ward,LAA,0.095,0.24600000000000002,0.233,0.684,0.43200000000000005,0.569,0.848,0.764,0.102,90.9,109.4,0.423,0.13,0.374,17.4,0.326,0.451,0.223,0.34,0.349,0.312,30.5,663.0,30.0,2025,36,86,103,4,0.22797927461139897,663,0.05429864253393665,0.1297134238310709,0.15535444947209653,0.006033182503770739,True,214.94,591.0
2024,11737,nick castellanos,Nick Castellanos,PHI,0.062,0.21100000000000002,0.408,0.821,0.58,0.535,0.8540000000000001,0.7240000000000001,0.16,88.3,113.1,0.377,0.079,0.374,15.1,0.375,0.38799999999999996,0.237,0.386,0.371,0.243,30.5,659.0,32.0,2025,17,72,72,4,0.25045703839122485,589,0.028862478777589132,0.12224108658743633,0.12224108658743633,0.006791171477079796,True,183.99,745.0
2024,17919,ian happ,Ian Happ,CHC,0.122,0.256,0.271,0.7,0.45799999999999996,0.602,0.8170000000000001,0.745,0.11699999999999999,90.8,114.0,0.452,0.11699999999999999,0.374,15.1,0.391,0.418,0.192,0.4,0.33,0.27,30.5,657.0,29.0,2025,23,87,79,6,0.24253075571177504,663,0.03469079939668175,0.13122171945701358,0.1191553544494721,0.00904977375565611,True,226.99,653.0
2024,18036,jake cronenworth,Jake Cronenworth,SDP,0.09300000000000001,0.18,0.265,0.6679999999999999,0.446,0.7140000000000001,0.914,0.8490000000000001,0.068,88.6,110.9,0.365,0.077,0.374,13.9,0.435,0.37,0.196,0.32799999999999996,0.384,0.287,30.5,656.0,30.0,2025,11,61,59,3,0.2458233890214797,515,0.021359223300970873,0.11844660194174757,0.1145631067961165,0.005825242718446602,True,228.09,697.0
2024,26323,spencer steer,Spencer Steer,CIN,0.11,0.209,0.287,0.667,0.445,0.602,0.903,0.79,0.09300000000000001,88.0,108.0,0.39899999999999997,0.064,0.374,17.4,0.374,0.44299999999999995,0.183,0.444,0.317,0.239,30.5,656.0,26.0,2025,21,66,75,7,0.23772102161100198,568,0.03697183098591549,0.11619718309859155,0.13204225352112675,0.01232394366197183,True,227.63,669.0
2024,9218,paul goldschmidt,Paul Goldschmidt,STL,0.07200000000000001,0.265,0.32299999999999995,0.672,0.47600000000000003,0.6559999999999999,0.8059999999999999,0.7490000000000001,0.11900000000000001,91.2,111.4,0.491,0.106,0.374,13.1,0.43,0.35700000000000004,0.213,0.414,0.327,0.259,30.5,654.0,36.0,2025,10,76,45,5,0.2740286298568507,534,0.018726591760299626,0.14232209737827714,0.08426966292134831,0.009363295880149813,True,194.04,653.0
2024,13066,teoscar hernandez,Teoscar Hernandez,LAD,0.081,0.28800000000000003,0.32799999999999996,0.763,0.511,0.513,0.787,0.685,0.161,90.6,114.1,0.467,0.149,0.374,10.2,0.465,0.366,0.16899999999999998,0.361,0.361,0.27899999999999997,30.5,652.0,31.0,2025,25,65,89,5,0.2465753424657534,546,0.045787545787545784,0.11904761904761904,0.163003663003663,0.009157509157509158,True,186.8,781.0
2024,24679,brendan donovan,Brendan Donovan,STL,0.07200000000000001,0.124,0.267,0.647,0.43700000000000006,0.735,0.932,0.866,0.059000000000000004,88.7,108.7,0.376,0.055,0.374,13.2,0.418,0.369,0.213,0.364,0.358,0.278,30.5,652.0,27.0,2025,10,64,50,3,0.28695652173913044,515,0.019417475728155338,0.12427184466019417,0.0970873786407767,0.005825242718446602,True,216.33,653.0
2024,7304,salvador perez,Salvador Perez,KCR,0.067,0.198,0.46399999999999997,0.7759999999999999,0.578,0.623,0.865,0.741,0.149,91.1,113.3,0.447,0.122,0.374,19.0,0.33399999999999996,0.445,0.221,0.495,0.287,0.218,30.5,652.0,34.0,2025,30,54,100,0,0.23618090452261306,641,0.046801872074883,0.0842433697347894,0.15600624024961,0.0,True,188.62,709.0
2024,21636,jeremy pena,Jeremy Pena,HOU,0.038,0.171,0.392,0.745,0.535,0.583,0.9159999999999999,0.7709999999999999,0.122,88.2,109.5,0.38799999999999996,0.054000000000000006,0.374,7.4,0.494,0.315,0.192,0.42,0.376,0.204,30.5,650.0,26.0,2025,17,68,62,20,0.30425963488843816,543,0.03130755064456722,0.1252302025782689,0.1141804788213628,0.03683241252302026,True,175.04,708.0
2024,19290,randy arozarena,Randy Arozarena,- - -,0.113,0.261,0.273,0.617,0.41,0.6459999999999999,0.785,0.7290000000000001,0.111,90.4,112.1,0.435,0.083,0.374,13.2,0.446,0.41,0.14400000000000002,0.47100000000000003,0.326,0.203,30.5,648.0,29.0,2025,27,95,76,31,0.23817292006525284,709,0.0380818053596615,0.13399153737658676,0.1071932299012694,0.04372355430183357,True,214.94,673.0
2024,16505,matt chapman,Matt Chapman,SFG,0.099,0.244,0.27699999999999997,0.6579999999999999,0.446,0.687,0.8490000000000001,0.7929999999999999,0.092,93.2,114.5,0.48200000000000004,0.126,0.374,16.2,0.384,0.45299999999999996,0.162,0.389,0.377,0.23399999999999999,30.5,647.0,31.0,2025,21,76,61,9,0.23127753303964757,535,0.03925233644859813,0.14205607476635515,0.11401869158878504,0.016822429906542057,True,217.97,603.0
2024,15112,ryan mcmahon,Ryan McMahon,COL,0.107,0.287,0.304,0.6709999999999999,0.46799999999999997,0.57,0.807,0.722,0.13,92.1,113.0,0.49200000000000005,0.10800000000000001,0.374,10.0,0.49,0.315,0.195,0.358,0.345,0.298,30.5,645.0,29.0,2025,20,62,53,3,0.21414538310412573,586,0.034129692832764506,0.10580204778156997,0.09044368600682594,0.005119453924914676,True,208.72,656.0
2024,11493,manny machado,Manny Machado,SDP,0.07,0.193,0.335,0.752,0.516,0.626,0.87,0.7809999999999999,0.113,92.5,115.6,0.488,0.11,0.374,12.7,0.439,0.381,0.18,0.374,0.406,0.22,30.5,643.0,31.0,2025,27,91,95,14,0.27479674796747966,678,0.03982300884955752,0.13421828908554573,0.140117994100295,0.02064896755162242,True,195.66,697.0
2024,26368,jj bleday,JJ Bleday,OAK,0.10400000000000001,0.195,0.284,0.698,0.451,0.589,0.87,0.764,0.106,88.5,113.3,0.36200000000000004,0.083,0.374,18.6,0.341,0.478,0.182,0.42,0.35,0.23,30.5,642.0,26.0,2025,14,48,39,1,0.21172638436482086,344,0.040697674418604654,0.13953488372093023,0.11337209302325581,0.0029069767441860465,True,213.91,629.0
2024,21479,nico hoerner,Nico Hoerner,CHC,0.069,0.10300000000000001,0.35200000000000004,0.653,0.48100000000000004,0.812,0.951,0.893,0.051,85.7,110.1,0.276,0.012,0.374,10.3,0.44299999999999995,0.316,0.24100000000000002,0.341,0.368,0.29100000000000004,30.5,641.0,27.0,2025,7,89,61,29,0.29716193656093487,649,0.01078582434514638,0.13713405238828968,0.09399075500770417,0.04468412942989214,True,215.95,653.0
2024,20036,isaac paredes,Isaac Paredes,- - -,0.11900000000000001,0.16399999999999998,0.29600000000000004,0.674,0.447,0.736,0.9059999999999999,0.8390000000000001,0.07200000000000001,85.0,107.3,0.271,0.045,0.374,22.4,0.305,0.45799999999999996,0.237,0.537,0.289,0.174,30.5,641.0,25.0,2025,20,53,53,0,0.25396825396825395,438,0.045662100456621,0.12100456621004566,0.12100456621004566,0.0,True,237.62,673.0
2024,12552,eugenio suarez,Eugenio Suarez,ARI,0.077,0.275,0.305,0.69,0.47200000000000003,0.507,0.856,0.728,0.128,89.2,111.4,0.424,0.113,0.374,19.4,0.32799999999999996,0.436,0.23600000000000002,0.517,0.256,0.22699999999999998,30.5,640.0,32.0,2025,49,91,118,4,0.22789115646258504,657,0.0745814307458143,0.1385083713850837,0.1796042617960426,0.0060882800608828,True,189.06,856.0
2024,5361,freddie freeman,Freddie Freeman,LAD,0.122,0.157,0.307,0.765,0.494,0.753,0.86,0.821,0.08800000000000001,89.4,112.3,0.418,0.091,0.374,14.3,0.387,0.387,0.22699999999999998,0.353,0.336,0.311,30.5,638.0,34.0,2025,24,81,90,6,0.2949640287769784,627,0.03827751196172249,0.1291866028708134,0.14354066985645933,0.009569377990430622,True,234.98,781.0
2024,26288,adley rutschman,Adley Rutschman,BAL,0.091,0.161,0.324,0.61,0.445,0.777,0.897,0.846,0.068,88.2,109.3,0.366,0.061,0.374,18.8,0.345,0.429,0.225,0.42100000000000004,0.358,0.221,30.5,638.0,26.0,2025,9,37,29,0,0.2204968944099379,365,0.024657534246575342,0.10136986301369863,0.07945205479452055,0.0,True,219.98,732.0
2024,21523,jonathan india,Jonathan India,CIN,0.126,0.196,0.213,0.598,0.382,0.6709999999999999,0.898,0.8270000000000001,0.066,87.2,110.8,0.365,0.077,0.374,13.5,0.42200000000000004,0.361,0.217,0.42,0.376,0.204,30.5,637.0,27.0,2025,9,63,45,0,0.23340040241448692,567,0.015873015873015872,0.1111111111111111,0.07936507936507936,0.0,True,238.3,669.0
2024,27479,masyn winn,Masyn Winn,STL,0.064,0.171,0.33,0.642,0.466,0.715,0.91,0.8320000000000001,0.078,87.0,111.1,0.327,0.037000000000000005,0.374,13.2,0.406,0.374,0.22,0.354,0.36200000000000004,0.284,30.5,637.0,22.0,2025,9,72,51,9,0.2525458248472505,537,0.01675977653631285,0.1340782122905028,0.09497206703910614,0.01675977653631285,True,199.76,653.0
2024,19287,adolis garcia,Adolis Garcia,TEX,0.071,0.278,0.371,0.76,0.52,0.539,0.7879999999999999,0.6779999999999999,0.16699999999999998,91.0,116.1,0.479,0.122,0.374,15.0,0.379,0.428,0.193,0.39899999999999997,0.318,0.284,30.5,637.0,31.0,2025,19,58,75,13,0.22682445759368836,547,0.03473491773308958,0.10603290676416818,0.13711151736745886,0.02376599634369287,True,174.79,654.0
2024,19556,yordan alvarez,Yordan Alvarez,HOU,0.109,0.15,0.335,0.691,0.47700000000000004,0.684,0.907,0.813,0.08900000000000001,93.1,117.0,0.49700000000000005,0.145,0.374,18.3,0.33299999999999996,0.47600000000000003,0.191,0.36700000000000005,0.375,0.258,30.5,635.0,27.0,2025,6,17,27,1,0.2727272727272727,199,0.03015075376884422,0.08542713567839195,0.135678391959799,0.005025125628140704,True,224.09,708.0
2024,9777,nolan arenado,Nolan Arenado,STL,0.069,0.145,0.335,0.6459999999999999,0.46799999999999997,0.737,0.919,0.8440000000000001,0.073,86.3,107.5,0.316,0.032,0.374,17.0,0.396,0.391,0.213,0.465,0.35100000000000003,0.185,30.5,635.0,33.0,2025,12,48,52,3,0.23690773067331672,436,0.027522935779816515,0.11009174311926606,0.11926605504587157,0.006880733944954129,True,204.6,653.0
2024,17338,willi castro,Willi Castro,MIN,0.08,0.23600000000000002,0.359,0.731,0.512,0.54,0.868,0.732,0.13699999999999998,87.4,112.3,0.368,0.07,0.374,13.6,0.40299999999999997,0.37799999999999995,0.21899999999999997,0.395,0.35100000000000003,0.254,30.5,635.0,27.0,2025,11,58,33,10,0.2263681592039801,454,0.024229074889867842,0.1277533039647577,0.07268722466960352,0.022026431718061675,True,190.25,742.0
2024,17678,alex bregman,Alex Bregman,HOU,0.069,0.136,0.265,0.691,0.449,0.8029999999999999,0.927,0.8859999999999999,0.051,89.1,109.1,0.40299999999999997,0.062,0.374,18.2,0.365,0.45299999999999996,0.182,0.39899999999999997,0.345,0.257,30.5,634.0,30.0,2025,18,64,62,1,0.27251732101616627,495,0.03636363636363636,0.1292929292929293,0.12525252525252525,0.00202020202020202,True,212.26,708.0
2024,18839,josh naylor,Josh Naylor,CLE,0.092,0.166,0.355,0.737,0.503,0.698,0.867,0.794,0.10400000000000001,89.9,110.9,0.408,0.084,0.374,11.0,0.46799999999999997,0.361,0.171,0.41600000000000004,0.374,0.21,30.5,633.0,27.0,2025,20,81,92,30,0.2946593001841621,604,0.033112582781456956,0.13410596026490065,0.152317880794702,0.04966887417218543,True,209.02,678.0
2024,19950,andres gimenez,Andres Gimenez,CLE,0.040999999999999995,0.153,0.408,0.7490000000000001,0.556,0.669,0.878,0.792,0.11599999999999999,86.3,109.6,0.285,0.027999999999999997,0.374,8.8,0.503,0.292,0.205,0.4,0.34700000000000003,0.253,30.5,633.0,25.0,2025,7,39,35,12,0.20972644376899696,369,0.018970189701897018,0.10569105691056911,0.0948509485094851,0.032520325203252036,True,176.35,678.0
2024,11579,bryce harper,Bryce Harper,PHI,0.12,0.21899999999999997,0.366,0.805,0.528,0.581,0.883,0.7509999999999999,0.131,91.0,113.8,0.47700000000000004,0.10400000000000001,0.374,13.5,0.377,0.396,0.22699999999999998,0.345,0.335,0.32,30.5,631.0,31.0,2025,27,72,75,12,0.26147704590818366,580,0.04655172413793104,0.12413793103448276,0.12931034482758622,0.020689655172413793,True,217.88,745.0
2024,21534,cal raleigh,Cal Raleigh,SEA,0.111,0.28,0.361,0.7609999999999999,0.522,0.58,0.8170000000000001,0.72,0.146,91.0,113.9,0.48100000000000004,0.154,0.374,21.2,0.311,0.519,0.17,0.489,0.293,0.218,30.5,628.0,27.0,2025,60,110,125,14,0.24664429530201343,705,0.0851063829787234,0.15602836879432624,0.1773049645390071,0.019858156028368795,True,205.36,549.0
2024,22715,maikel garcia,Maikel Garcia,KCR,0.067,0.165,0.248,0.652,0.431,0.732,0.914,0.856,0.062,90.4,108.6,0.428,0.037000000000000005,0.374,6.4,0.493,0.307,0.201,0.32799999999999996,0.387,0.285,30.5,626.0,24.0,2025,16,81,74,23,0.2857142857142857,666,0.024024024024024024,0.12162162162162163,0.1111111111111111,0.03453453453453453,True,202.7,709.0
2024,20454,jazz chisholm,Jazz Chisholm Jr.,- - -,0.085,0.245,0.316,0.6779999999999999,0.467,0.623,0.799,0.73,0.126,89.7,110.1,0.41,0.09699999999999999,0.374,11.4,0.489,0.35100000000000003,0.16,0.444,0.376,0.18,30.5,621.0,26.0,2025,31,75,80,31,0.24242424242424243,531,0.0583804143126177,0.14124293785310735,0.15065913370998116,0.0583804143126177,True,188.78,673.0
2024,16578,yandy diaz,Yandy Diaz,TBR,0.081,0.153,0.256,0.665,0.439,0.7709999999999999,0.9259999999999999,0.8759999999999999,0.054000000000000006,92.2,117.4,0.48700000000000004,0.076,0.374,5.0,0.547,0.28,0.174,0.292,0.41100000000000003,0.297,30.5,621.0,32.0,2025,25,79,83,3,0.30017152658662094,651,0.03840245775729647,0.12135176651305683,0.12749615975422426,0.004608294930875576,True,213.5,454.0
2024,17027,alex verdugo,Alex Verdugo,NYY,0.079,0.15,0.28300000000000003,0.629,0.444,0.737,0.932,0.866,0.06,88.3,110.7,0.349,0.055999999999999994,0.374,9.9,0.493,0.33799999999999997,0.16899999999999998,0.37200000000000005,0.34299999999999997,0.285,30.5,621.0,28.0,2025,0,21,12,1,0.23857868020304568,213,0.0,0.09859154929577464,0.056338028169014086,0.004694835680751174,True,210.39,784.0
2024,23003,yainer diaz,Yainer Diaz,HOU,0.039,0.17300000000000001,0.457,0.7959999999999999,0.588,0.655,0.887,0.7759999999999999,0.132,90.2,111.4,0.475,0.076,0.374,8.9,0.512,0.263,0.22399999999999998,0.409,0.379,0.212,30.5,619.0,25.0,2025,20,56,70,1,0.2564575645756458,567,0.03527336860670194,0.09876543209876543,0.12345679012345678,0.001763668430335097,True,168.24,708.0
2024,22186,brice turang,Brice Turang,MIL,0.081,0.17,0.317,0.644,0.466,0.8059999999999999,0.924,0.88,0.055999999999999994,87.0,107.8,0.297,0.024,0.374,6.1,0.525,0.261,0.214,0.264,0.39399999999999996,0.342,30.5,619.0,24.0,2025,18,97,81,24,0.2876712328767123,659,0.027314112291350532,0.1471927162367223,0.12291350531107739,0.036418816388467376,True,213.56,775.0
2024,26197,andrew vaughn,Andrew Vaughn,CHW,0.061,0.213,0.36200000000000004,0.6829999999999999,0.494,0.659,0.903,0.7979999999999999,0.1,90.3,112.2,0.433,0.09300000000000001,0.374,16.6,0.381,0.45799999999999996,0.16,0.35700000000000004,0.386,0.257,30.5,619.0,26.0,2025,14,35,65,0,0.2536945812807882,447,0.03131991051454139,0.07829977628635347,0.14541387024608501,0.0,True,185.95,394.0
2024,12856,george springer,George Springer,TOR,0.098,0.187,0.284,0.753,0.49,0.615,0.8440000000000001,0.769,0.113,87.5,110.6,0.37200000000000005,0.092,0.374,9.4,0.507,0.32899999999999996,0.16399999999999998,0.39799999999999996,0.373,0.22899999999999998,30.5,614.0,34.0,2025,32,106,84,18,0.3092369477911647,586,0.05460750853242321,0.18088737201365188,0.14334470989761092,0.030716723549488054,True,201.82,518.0
2024,19627,brent rooker,Brent Rooker,OAK,0.096,0.28800000000000003,0.341,0.748,0.502,0.462,0.8390000000000001,0.684,0.159,91.9,113.4,0.496,0.166,0.374,18.9,0.332,0.456,0.212,0.442,0.322,0.23600000000000002,30.5,614.0,29.0,2025,30,92,89,6,0.26198083067092653,699,0.04291845493562232,0.13161659513590845,0.12732474964234622,0.008583690987124463,True,184.94,629.0
2024,23697,julio rodriguez,Julio Rodriguez,SEA,0.062,0.254,0.405,0.763,0.5429999999999999,0.586,0.8220000000000001,0.7140000000000001,0.155,91.7,114.5,0.484,0.102,0.374,10.5,0.44299999999999995,0.35100000000000003,0.20600000000000002,0.35600000000000004,0.366,0.278,30.5,613.0,23.0,2025,32,106,95,30,0.2668711656441718,710,0.04507042253521127,0.14929577464788732,0.13380281690140844,0.04225352112676056,True,169.31,549.0
2024,21897,christopher morel,Christopher Morel,- - -,0.1,0.26,0.297,0.7190000000000001,0.47,0.55,0.764,0.684,0.14800000000000002,89.2,111.4,0.40399999999999997,0.102,0.374,14.2,0.45399999999999996,0.402,0.14400000000000002,0.465,0.365,0.171,30.5,611.0,25.0,2025,11,37,33,7,0.21942446043165467,305,0.036065573770491806,0.12131147540983607,0.10819672131147541,0.022950819672131147,True,186.48,673.0
2024,33189,nolan schanuel,Nolan Schanuel,LAA,0.11199999999999999,0.17,0.255,0.64,0.415,0.789,0.912,0.868,0.055,86.1,105.9,0.253,0.035,0.374,10.3,0.461,0.306,0.233,0.40399999999999997,0.376,0.221,30.5,607.0,22.0,2025,12,64,53,5,0.26434426229508196,564,0.02127659574468085,0.11347517730496454,0.09397163120567376,0.008865248226950355,True,226.05,591.0
2024,21618,alec bohm,Alec Bohm,PHI,0.066,0.142,0.31,0.728,0.49700000000000005,0.701,0.9229999999999999,0.846,0.076,90.5,110.8,0.451,0.065,0.374,9.8,0.46,0.32899999999999996,0.21100000000000002,0.361,0.371,0.268,30.5,606.0,27.0,2025,11,53,59,2,0.28663793103448276,504,0.021825396825396824,0.10515873015873016,0.11706349206349206,0.003968253968253968,True,193.8,745.0
2024,25479,brenton doyle,Brenton Doyle,COL,0.076,0.254,0.337,0.77,0.51,0.51,0.87,0.728,0.139,89.1,110.1,0.41100000000000003,0.105,0.374,13.1,0.41,0.39,0.2,0.389,0.364,0.247,30.5,603.0,26.0,2025,15,57,57,18,0.23306772908366533,538,0.027881040892193308,0.10594795539033457,0.10594795539033457,0.03345724907063197,True,177.52,656.0
2024,13145,josh bell,Josh Bell,- - -,0.085,0.19899999999999998,0.314,0.7509999999999999,0.486,0.622,0.86,0.767,0.113,88.9,111.2,0.397,0.075,0.374,10.5,0.496,0.33,0.17300000000000001,0.423,0.321,0.257,30.5,603.0,31.0,2025,22,54,63,0,0.23717948717948717,533,0.04127579737335835,0.10131332082551595,0.11819887429643527,0.0,True,190.01,673.0
2024,25768,cj abrams,CJ Abrams,WSN,0.066,0.213,0.38799999999999996,0.7170000000000001,0.531,0.679,0.8370000000000001,0.772,0.121,88.2,110.0,0.40700000000000003,0.069,0.374,15.1,0.4,0.41700000000000004,0.182,0.469,0.313,0.218,30.5,602.0,23.0,2025,19,92,60,31,0.25689655172413794,635,0.029921259842519685,0.14488188976377953,0.09448818897637795,0.048818897637795275,True,179.16,492.0
2024,13185,orlando arcia,Orlando Arcia,ATL,0.068,0.213,0.312,0.731,0.49,0.597,0.862,0.765,0.115,88.2,107.8,0.37799999999999995,0.053,0.374,8.6,0.491,0.358,0.151,0.503,0.309,0.188,30.5,602.0,29.0,2025,3,13,13,0,0.2019704433497537,214,0.014018691588785047,0.06074766355140187,0.06074766355140187,0.0,True,179.1,595.0
2024,31347,zach neto,Zach Neto,LAA,0.065,0.233,0.35,0.6779999999999999,0.486,0.594,0.85,0.742,0.125,88.5,111.3,0.38799999999999996,0.084,0.374,12.3,0.441,0.386,0.17300000000000001,0.504,0.3,0.19699999999999998,30.5,602.0,23.0,2025,26,82,62,26,0.25697211155378485,554,0.04693140794223827,0.148014440433213,0.11191335740072202,0.04693140794223827,True,173.14,591.0
2024,17350,rafael devers,Rafael Devers,BOS,0.111,0.245,0.33299999999999996,0.757,0.509,0.652,0.76,0.7190000000000001,0.14300000000000002,93.2,114.7,0.526,0.13,0.374,11.6,0.409,0.36700000000000005,0.22399999999999998,0.341,0.409,0.25,30.5,601.0,27.0,2025,35,99,109,1,0.25205930807248766,729,0.04801097393689986,0.13580246913580246,0.149519890260631,0.0013717421124828531,True,196.35,707.0
2024,21711,oneil cruz,Oneil Cruz,PIT,0.085,0.302,0.335,0.6559999999999999,0.46299999999999997,0.532,0.782,0.6729999999999999,0.151,95.5,121.5,0.5489999999999999,0.157,0.374,9.8,0.478,0.33799999999999997,0.184,0.42,0.33,0.25,30.5,599.0,25.0,2025,20,62,61,38,0.19957537154989385,544,0.03676470588235294,0.11397058823529412,0.11213235294117647,0.06985294117647059,True,171.85,627.0
2024,27615,alec burleson,Alec Burleson,STL,0.059000000000000004,0.128,0.387,0.782,0.556,0.742,0.888,0.83,0.094,89.7,111.0,0.415,0.065,0.374,13.6,0.41700000000000004,0.368,0.215,0.337,0.397,0.266,30.5,595.0,25.0,2025,18,54,69,5,0.289738430583501,546,0.03296703296703297,0.0989010989010989,0.12637362637362637,0.009157509157509158,True,183.26,653.0
2024,2396,carlos santana,Carlos Santana,MIN,0.109,0.16699999999999998,0.27,0.667,0.434,0.67,0.8540000000000001,0.787,0.092,89.2,113.6,0.39899999999999997,0.073,0.374,16.1,0.387,0.441,0.172,0.5329999999999999,0.302,0.165,30.5,594.0,38.0,2025,11,49,54,7,0.21927710843373494,474,0.023206751054852322,0.10337552742616034,0.11392405063291139,0.014767932489451477,True,204.99,742.0
2024,29490,jackson merrill,Jackson Merrill,SDP,0.049,0.17,0.38299999999999995,0.807,0.568,0.701,0.8759999999999999,0.81,0.10800000000000001,90.4,111.6,0.439,0.113,0.374,14.6,0.359,0.40299999999999997,0.239,0.32899999999999996,0.413,0.258,30.5,593.0,21.0,2025,16,59,67,1,0.2636363636363636,483,0.033126293995859216,0.12215320910973085,0.13871635610766045,0.002070393374741201,True,173.16,697.0
2024,18314,dansby swanson,Dansby Swanson,CHC,0.091,0.243,0.282,0.74,0.48700000000000004,0.5770000000000001,0.802,0.73,0.131,89.4,109.8,0.42700000000000005,0.092,0.374,10.3,0.499,0.33299999999999996,0.168,0.461,0.35100000000000003,0.188,30.5,593.0,30.0,2025,24,84,77,20,0.2440677966101695,645,0.037209302325581395,0.13023255813953488,0.11937984496124031,0.031007751937984496,True,183.83,653.0
2024,26396,josh smith,Josh Smith,TEX,0.078,0.204,0.3,0.6679999999999999,0.465,0.6579999999999999,0.879,0.8,0.09300000000000001,87.8,108.0,0.371,0.037000000000000005,0.374,15.4,0.387,0.377,0.237,0.442,0.359,0.19899999999999998,30.5,592.0,26.0,2025,10,70,35,12,0.2505050505050505,563,0.017761989342806393,0.12433392539964476,0.06216696269982238,0.021314387211367674,True,188.26,654.0
2024,30116,seiya suzuki,Seiya Suzuki,CHC,0.10800000000000001,0.27399999999999997,0.23600000000000002,0.627,0.396,0.628,0.857,0.777,0.08800000000000001,91.7,115.5,0.49200000000000005,0.115,0.374,16.2,0.337,0.469,0.19399999999999998,0.337,0.43799999999999994,0.225,30.5,585.0,29.0,2025,32,75,103,5,0.24518388791593695,651,0.04915514592933948,0.1152073732718894,0.15821812596006143,0.007680491551459293,True,199.54,653.0
2024,25976,riley greene,Riley Greene,DET,0.11,0.267,0.264,0.6829999999999999,0.441,0.605,0.8320000000000001,0.754,0.11,91.3,114.0,0.462,0.134,0.374,12.2,0.436,0.34600000000000003,0.218,0.397,0.363,0.24,30.5,584.0,23.0,2025,36,84,111,2,0.25833333333333336,655,0.0549618320610687,0.1282442748091603,0.16946564885496182,0.0030534351145038168,True,196.34,592.0
2024,13613,ketel marte,Ketel Marte,ARI,0.111,0.182,0.293,0.733,0.48100000000000004,0.674,0.88,0.8079999999999999,0.092,94.1,117.0,0.536,0.12300000000000001,0.374,9.4,0.48100000000000004,0.34600000000000003,0.17300000000000001,0.518,0.31,0.172,30.5,583.0,30.0,2025,28,87,72,4,0.2833333333333333,556,0.050359712230215826,0.1564748201438849,0.12949640287769784,0.007194244604316547,True,206.03,856.0
2024,22275,jake burger,Jake Burger,MIA,0.054000000000000006,0.259,0.413,0.698,0.524,0.5710000000000001,0.848,0.715,0.149,91.3,115.5,0.46799999999999997,0.12300000000000001,0.374,13.0,0.442,0.406,0.152,0.447,0.355,0.198,30.5,579.0,28.0,2025,16,43,53,1,0.23595505617977527,376,0.0425531914893617,0.11436170212765957,0.14095744680851063,0.0026595744680851063,True,155.46,406.0
2024,14221,jorge soler,Jorge Soler,- - -,0.11800000000000001,0.24600000000000002,0.298,0.665,0.44299999999999995,0.539,0.857,0.728,0.121,90.5,115.4,0.43700000000000006,0.125,0.374,17.9,0.379,0.461,0.16,0.441,0.326,0.233,30.5,574.0,32.0,2025,12,31,34,0,0.21505376344086022,315,0.0380952380952381,0.09841269841269841,0.10793650793650794,0.0,True,193.09,673.0
2024,28806,jackson chourio,Jackson Chourio,MIL,0.068,0.21100000000000002,0.34,0.6809999999999999,0.488,0.599,0.862,0.758,0.11800000000000001,89.7,111.6,0.449,0.078,0.374,7.6,0.483,0.315,0.20199999999999999,0.363,0.40700000000000003,0.22899999999999998,30.5,573.0,20.0,2025,21,88,78,21,0.26958105646630237,589,0.035653650254668934,0.1494057724957555,0.13242784380305603,0.035653650254668934,True,169.26,775.0
2024,26294,bryson stott,Bryson Stott,PHI,0.09300000000000001,0.163,0.321,0.591,0.439,0.799,0.894,0.855,0.064,87.1,109.8,0.308,0.036000000000000004,0.374,14.1,0.431,0.369,0.2,0.332,0.365,0.303,30.5,571.0,26.0,2025,13,66,66,24,0.2565130260521042,560,0.023214285714285715,0.11785714285714285,0.11785714285714285,0.04285714285714286,True,199.56,745.0
2024,24262,ceddanne rafaela,Ceddanne Rafaela,BOS,0.026000000000000002,0.264,0.495,0.787,0.615,0.584,0.797,0.696,0.187,86.6,108.2,0.369,0.075,0.374,14.9,0.42,0.369,0.21100000000000002,0.41200000000000003,0.344,0.244,30.5,571.0,23.0,2025,16,84,63,20,0.2490842490842491,587,0.027257240204429302,0.14310051107325383,0.10732538330494037,0.034071550255536626,True,134.07,707.0
2024,15998,cody bellinger,Cody Bellinger,CHC,0.079,0.156,0.35100000000000003,0.6890000000000001,0.498,0.7,0.8640000000000001,0.799,0.1,87.8,109.2,0.32899999999999996,0.063,0.374,17.4,0.37,0.461,0.16899999999999998,0.426,0.33799999999999997,0.23600000000000002,30.5,569.0,28.0,2025,29,89,98,13,0.272108843537415,656,0.04420731707317073,0.13567073170731708,0.14939024390243902,0.019817073170731708,True,181.34,653.0
2024,26319,michael busch,Michael Busch,CHC,0.111,0.28600000000000003,0.27399999999999997,0.71,0.45,0.556,0.8540000000000001,0.745,0.115,89.9,109.3,0.39899999999999997,0.11199999999999999,0.374,17.2,0.392,0.40399999999999997,0.205,0.429,0.325,0.24600000000000002,30.5,567.0,26.0,2025,34,78,90,4,0.26145038167938933,592,0.057432432432432436,0.13175675675675674,0.15202702702702703,0.006756756756756757,True,189.66,653.0
2024,21558,matt vierling,Matt Vierling,DET,0.07200000000000001,0.213,0.256,0.649,0.42700000000000005,0.675,0.902,0.825,0.075,89.7,111.2,0.4,0.075,0.374,11.7,0.42100000000000004,0.37799999999999995,0.201,0.386,0.358,0.256,30.5,567.0,27.0,2025,1,6,11,2,0.23863636363636365,100,0.01,0.06,0.11,0.02,True,181.16,592.0
2024,19566,nathaniel lowe,Nathaniel Lowe,TEX,0.126,0.221,0.271,0.639,0.42700000000000005,0.6679999999999999,0.895,0.812,0.08,88.9,111.8,0.4,0.057999999999999996,0.374,7.7,0.47700000000000004,0.293,0.23,0.29600000000000004,0.395,0.31,30.5,565.0,28.0,2025,18,64,84,1,0.22777777777777777,609,0.029556650246305417,0.10509031198686371,0.13793103448275862,0.0016420361247947454,True,208.82,654.0
2024,29591,colton cowser,Colton Cowser,BAL,0.09300000000000001,0.307,0.276,0.6629999999999999,0.44299999999999995,0.5,0.8290000000000001,0.7120000000000001,0.128,90.5,113.6,0.461,0.136,0.374,13.0,0.435,0.392,0.17300000000000001,0.4,0.35200000000000004,0.248,30.5,561.0,24.0,2025,16,36,40,14,0.19571865443425077,360,0.044444444444444446,0.1,0.1111111111111111,0.03888888888888889,True,172.0,732.0
2024,33333,wyatt langford,Wyatt Langford,TEX,0.092,0.20600000000000002,0.27,0.657,0.429,0.685,0.86,0.795,0.08800000000000001,89.6,111.9,0.434,0.09300000000000001,0.374,16.6,0.40299999999999997,0.41600000000000004,0.18100000000000002,0.46799999999999997,0.305,0.22699999999999998,30.5,557.0,22.0,2025,22,73,62,22,0.24130879345603273,573,0.038394415357766144,0.1273996509598604,0.1082024432809773,0.038394415357766144,True,184.09,654.0
2024,27899,colt keith,Colt Keith,DET,0.065,0.198,0.327,0.698,0.486,0.608,0.8959999999999999,0.785,0.105,87.9,109.4,0.35,0.055999999999999994,0.374,11.7,0.444,0.34299999999999997,0.213,0.355,0.377,0.267,30.5,556.0,22.0,2025,13,65,45,1,0.2560386473429952,468,0.027777777777777776,0.1388888888888889,0.09615384615384616,0.002136752136752137,True,167.08,592.0
2024,27676,vinnie pasquantino,Vinnie Pasquantino,KCR,0.07200000000000001,0.128,0.33799999999999997,0.674,0.47700000000000004,0.7809999999999999,0.943,0.875,0.059000000000000004,91.0,112.2,0.465,0.071,0.374,14.6,0.395,0.429,0.17600000000000002,0.47200000000000003,0.353,0.175,30.5,554.0,26.0,2025,32,72,113,1,0.2640901771336554,682,0.0469208211143695,0.10557184750733138,0.1656891495601173,0.001466275659824047,True,185.31,709.0
2024,19238,lourdes gurriel,Lourdes Gurriel Jr.,ARI,0.052000000000000005,0.183,0.354,0.725,0.51,0.6809999999999999,0.899,0.812,0.096,88.4,110.6,0.4,0.067,0.374,15.7,0.379,0.41,0.21100000000000002,0.41700000000000004,0.307,0.276,30.5,553.0,30.0,2025,19,52,80,10,0.248,546,0.0347985347985348,0.09523809523809523,0.14652014652014653,0.018315018315018316,True,163.47,856.0
2024,13419,christian walker,Christian Walker,ARI,0.1,0.24100000000000002,0.28300000000000003,0.7659999999999999,0.48100000000000004,0.58,0.857,0.7609999999999999,0.115,91.3,113.9,0.48,0.133,0.374,16.7,0.379,0.469,0.153,0.42100000000000004,0.353,0.226,30.5,552.0,33.0,2025,27,72,88,2,0.2376068376068376,640,0.0421875,0.1125,0.1375,0.003125,True,181.22,856.0
2024,29766,zack gelof,Zack Gelof,OAK,0.069,0.344,0.32799999999999996,0.745,0.513,0.455,0.763,0.653,0.17800000000000002,89.2,109.1,0.37200000000000005,0.08800000000000001,0.374,14.3,0.424,0.379,0.196,0.467,0.32799999999999996,0.205,30.5,547.0,24.0,2025,2,12,7,1,0.17391304347826086,101,0.019801980198019802,0.1188118811881188,0.06930693069306931,0.009900990099009901,True,144.9,629.0
2024,19197,will smith,Will Smith,LAD,0.094,0.193,0.299,0.687,0.462,0.713,0.8809999999999999,0.818,0.084,89.4,109.1,0.42,0.10800000000000001,0.374,18.7,0.331,0.47600000000000003,0.193,0.33899999999999997,0.386,0.275,30.5,544.0,29.0,2025,17,64,61,2,0.2955801104972376,436,0.0389908256880734,0.14678899082568808,0.13990825688073394,0.0045871559633027525,True,184.63,781.0
2024,24610,steven kwan,Steven Kwan,CLE,0.098,0.094,0.222,0.597,0.389,0.831,0.972,0.9279999999999999,0.027999999999999997,86.3,105.6,0.237,0.026000000000000002,0.374,14.9,0.363,0.39399999999999996,0.242,0.318,0.36,0.32299999999999995,30.5,540.0,26.0,2025,11,81,56,21,0.272,693,0.015873015873015872,0.11688311688311688,0.08080808080808081,0.030303030303030304,True,203.26,678.0
2024,16252,trea turner,Trea Turner,PHI,0.05,0.182,0.38299999999999995,0.764,0.537,0.563,0.8959999999999999,0.755,0.132,89.1,110.6,0.402,0.069,0.374,11.6,0.473,0.365,0.162,0.461,0.319,0.221,30.5,539.0,31.0,2025,15,94,69,36,0.30390492359932086,639,0.023474178403755867,0.14710485133020346,0.107981220657277,0.056338028169014086,True,149.03,745.0
2024,17907,brendan rodgers,Brendan Rodgers,COL,0.057999999999999996,0.245,0.32,0.721,0.493,0.563,0.879,0.763,0.11699999999999999,89.3,111.1,0.43799999999999994,0.055999999999999994,0.374,4.9,0.561,0.256,0.183,0.36,0.414,0.226,30.5,539.0,27.0,2025,2,12,11,0,0.19130434782608696,128,0.015625,0.09375,0.0859375,0.0,True,154.64,656.0
2024,5235,justin turner,Justin Turner,- - -,0.109,0.17600000000000002,0.28600000000000003,0.674,0.45399999999999996,0.768,0.895,0.85,0.068,87.2,106.8,0.325,0.046,0.374,17.8,0.325,0.419,0.255,0.409,0.344,0.247,30.5,539.0,39.0,2025,3,14,18,2,0.21893491124260356,191,0.015706806282722512,0.07329842931937172,0.09424083769633508,0.010471204188481676,True,196.2,673.0
2024,19913,jesus sanchez,Jesus Sanchez,MIA,0.076,0.261,0.392,0.747,0.53,0.573,0.8340000000000001,0.716,0.151,92.5,117.2,0.511,0.122,0.374,7.7,0.503,0.294,0.203,0.35,0.35,0.299,30.5,537.0,26.0,2025,14,61,48,13,0.23725055432372505,497,0.028169014084507043,0.1227364185110664,0.096579476861167,0.026156941649899398,True,156.16,406.0
2024,17982,ty france,Ty France,- - -,0.071,0.213,0.32,0.7829999999999999,0.512,0.608,0.889,0.7859999999999999,0.109,88.7,111.1,0.4,0.073,0.374,12.9,0.457,0.36200000000000004,0.18100000000000002,0.359,0.36200000000000004,0.278,30.5,535.0,29.0,2025,7,50,52,1,0.25675675675675674,490,0.014285714285714285,0.10204081632653061,0.10612244897959183,0.0020408163265306124,True,164.14,673.0
2024,25816,shea langeliers,Shea Langeliers,OAK,0.077,0.272,0.344,0.711,0.495,0.588,0.836,0.7340000000000001,0.131,91.3,113.7,0.44,0.128,0.374,16.3,0.373,0.44,0.187,0.466,0.376,0.157,30.5,534.0,26.0,2025,31,73,72,7,0.2765072765072765,523,0.05927342256214149,0.13957934990439771,0.13766730401529637,0.01338432122370937,True,158.7,629.0
2024,13624,corey seager,Corey Seager,TEX,0.099,0.18,0.317,0.8240000000000001,0.53,0.584,0.8909999999999999,0.784,0.114,92.1,113.3,0.507,0.152,0.374,13.5,0.41200000000000003,0.423,0.165,0.436,0.33899999999999997,0.226,30.5,533.0,30.0,2025,21,61,50,3,0.2710526315789474,445,0.04719101123595506,0.13707865168539327,0.11235955056179775,0.006741573033707865,True,178.13,654.0
2024,18900,leody taveras,Leody Taveras,TEX,0.079,0.212,0.317,0.7090000000000001,0.484,0.595,0.856,0.758,0.11699999999999999,89.0,110.1,0.355,0.059000000000000004,0.374,14.7,0.39799999999999996,0.41200000000000003,0.19,0.304,0.373,0.32299999999999995,30.5,529.0,25.0,2025,3,13,17,9,0.2046783625730994,180,0.016666666666666666,0.07222222222222222,0.09444444444444444,0.05,True,162.09,654.0
2024,20391,luis garcia,Luis Garcia Jr.,WSN,0.051,0.163,0.385,0.698,0.514,0.7070000000000001,0.895,0.812,0.09699999999999999,89.1,110.7,0.41700000000000004,0.08,0.374,8.3,0.474,0.325,0.2,0.304,0.424,0.272,30.5,528.0,24.0,2025,16,67,66,14,0.2520491803278688,526,0.030418250950570342,0.12737642585551331,0.12547528517110265,0.026615969581749048,True,155.55,492.0
2024,16939,lane thomas,Lane Thomas,- - -,0.083,0.259,0.267,0.665,0.43799999999999994,0.653,0.87,0.795,0.09,88.8,111.0,0.406,0.07400000000000001,0.374,17.0,0.385,0.406,0.209,0.426,0.32899999999999996,0.244,30.5,528.0,28.0,2025,4,10,11,4,0.16,142,0.028169014084507043,0.07042253521126761,0.07746478873239436,0.028169014084507043,True,169.75,673.0
2024,29622,sal frelick,Sal Frelick,MIL,0.07400000000000001,0.149,0.29600000000000004,0.563,0.41200000000000003,0.802,0.94,0.884,0.048,83.4,106.6,0.19399999999999998,0.006999999999999999,0.374,9.7,0.47700000000000004,0.336,0.187,0.313,0.418,0.27,30.5,524.0,24.0,2025,12,76,63,19,0.2878787878787879,594,0.020202020202020204,0.12794612794612795,0.10606060606060606,0.03198653198653199,True,177.74,775.0
2024,17901,andrew benintendi,Andrew Benintendi,CHW,0.079,0.184,0.27899999999999997,0.711,0.47700000000000004,0.7120000000000001,0.871,0.82,0.086,88.0,109.5,0.344,0.063,0.374,16.1,0.385,0.424,0.191,0.445,0.344,0.21100000000000002,30.5,522.0,29.0,2025,20,57,63,1,0.24047619047619048,470,0.0425531914893617,0.12127659574468085,0.13404255319148936,0.002127659574468085,True,169.65,394.0
2024,24729,logan ohoppe,Logan O'Hoppe,LAA,0.063,0.297,0.379,0.74,0.521,0.5329999999999999,0.807,0.6859999999999999,0.163,90.4,111.6,0.46299999999999997,0.12,0.374,15.3,0.37799999999999995,0.37799999999999995,0.243,0.445,0.33399999999999996,0.221,30.5,522.0,24.0,2025,19,35,43,2,0.2127659574468085,451,0.04212860310421286,0.07760532150776053,0.09534368070953436,0.004434589800443459,True,140.31,591.0
2024,29931,jacob young,Jacob Young,WSN,0.057999999999999996,0.196,0.28600000000000003,0.597,0.43,0.72,0.894,0.8320000000000001,0.07200000000000001,85.8,106.7,0.289,0.016,0.374,4.0,0.526,0.243,0.231,0.301,0.34299999999999997,0.35600000000000004,30.5,521.0,24.0,2025,2,34,31,15,0.23148148148148148,364,0.005494505494505495,0.09340659340659341,0.08516483516483517,0.04120879120879121,True,160.26,492.0
2024,22515,heliot ramos,Heliot Ramos,SFG,0.071,0.261,0.33,0.754,0.503,0.539,0.85,0.7290000000000001,0.136,91.5,111.8,0.474,0.145,0.374,10.5,0.43,0.369,0.201,0.314,0.39,0.297,30.5,518.0,24.0,2025,21,85,69,6,0.2564516129032258,695,0.030215827338129497,0.1223021582733813,0.09928057553956834,0.008633093525179856,True,150.06,603.0
2024,16472,rhys hoskins,Rhys Hoskins,MIL,0.10300000000000001,0.28800000000000003,0.281,0.615,0.428,0.6659999999999999,0.8320000000000001,0.7709999999999999,0.098,88.7,109.6,0.419,0.127,0.374,20.7,0.34,0.484,0.17600000000000002,0.546,0.271,0.183,30.5,517.0,31.0,2025,12,30,43,2,0.23655913978494625,328,0.036585365853658534,0.09146341463414634,0.13109756097560976,0.006097560975609756,True,172.83,775.0
2024,13611,mookie betts,Mookie Betts,LAD,0.11800000000000001,0.11,0.22899999999999998,0.654,0.40399999999999997,0.6859999999999999,0.9490000000000001,0.861,0.055999999999999994,89.9,109.4,0.395,0.06,0.374,21.4,0.27,0.486,0.244,0.35,0.40299999999999997,0.247,30.5,516.0,31.0,2025,20,95,82,8,0.25806451612903225,663,0.030165912518853696,0.14328808446455504,0.12368024132730016,0.012066365007541479,True,194.17,781.0
2024,17988,tyler stephenson,Tyler Stephenson,CIN,0.09300000000000001,0.22699999999999998,0.27399999999999997,0.653,0.433,0.589,0.904,0.789,0.091,90.2,111.0,0.439,0.091,0.374,10.9,0.474,0.336,0.19,0.386,0.365,0.249,30.5,515.0,27.0,2025,13,40,50,0,0.23076923076923078,342,0.038011695906432746,0.11695906432748537,0.14619883040935672,0.0,True,169.8,669.0
2024,9847,andrew mccutchen,Andrew McCutchen,PIT,0.113,0.258,0.21600000000000003,0.679,0.42,0.5589999999999999,0.809,0.737,0.11,88.4,109.8,0.366,0.11699999999999999,0.374,14.3,0.41,0.42,0.17,0.41600000000000004,0.382,0.20199999999999999,30.5,515.0,37.0,2025,13,51,57,1,0.2389937106918239,551,0.023593466424682397,0.0925589836660617,0.10344827586206896,0.0018148820326678765,True,172.06,627.0
2024,19918,daulton varsho,Daulton Varsho,TOR,0.094,0.267,0.295,0.7140000000000001,0.474,0.642,0.8270000000000001,0.7609999999999999,0.114,86.1,110.2,0.34,0.062,0.374,24.4,0.322,0.529,0.15,0.515,0.253,0.231,30.5,513.0,27.0,2025,20,43,55,2,0.23790322580645162,271,0.07380073800738007,0.15867158671586715,0.2029520295202952,0.007380073800738007,True,165.34,518.0
2024,20308,jake meyers,Jake Meyers,HOU,0.068,0.228,0.32799999999999996,0.711,0.485,0.5329999999999999,0.883,0.7440000000000001,0.124,88.2,110.0,0.37,0.068,0.374,14.4,0.43,0.389,0.18100000000000002,0.436,0.348,0.217,30.5,513.0,28.0,2025,3,53,24,16,0.2915451895043732,381,0.007874015748031496,0.13910761154855644,0.06299212598425197,0.04199475065616798,True,149.39,708.0
2024,25493,joey ortiz,Joey Ortiz,MIL,0.11,0.20199999999999999,0.266,0.555,0.392,0.737,0.922,0.851,0.057999999999999996,87.8,111.5,0.384,0.046,0.374,9.9,0.488,0.368,0.14400000000000002,0.358,0.341,0.301,30.5,511.0,25.0,2025,7,62,45,14,0.2297872340425532,506,0.01383399209486166,0.1225296442687747,0.08893280632411067,0.02766798418972332,True,186.67,775.0
2024,18373,ryan mountcastle,Ryan Mountcastle,BAL,0.053,0.225,0.405,0.779,0.561,0.653,0.857,0.7709999999999999,0.128,90.8,113.5,0.452,0.08800000000000001,0.374,10.4,0.444,0.34,0.21600000000000003,0.27899999999999997,0.386,0.33399999999999996,30.5,507.0,27.0,2025,7,34,35,3,0.25,357,0.0196078431372549,0.09523809523809523,0.09803921568627451,0.008403361344537815,True,144.14,732.0
2024,19901,gavin sheets,Gavin Sheets,CHW,0.086,0.212,0.353,0.624,0.461,0.698,0.87,0.7909999999999999,0.096,87.8,110.0,0.353,0.057,0.374,13.5,0.368,0.414,0.218,0.402,0.325,0.273,30.5,501.0,28.0,2025,19,57,71,2,0.25203252032520324,545,0.03486238532110092,0.10458715596330276,0.13027522935779817,0.003669724770642202,True,161.97,394.0
2024,17929,cedric mullins,Cedric Mullins,BAL,0.08199999999999999,0.196,0.307,0.7390000000000001,0.499,0.688,0.895,0.8240000000000001,0.08800000000000001,87.1,106.4,0.33,0.048,0.374,21.5,0.337,0.488,0.174,0.426,0.35100000000000003,0.223,30.5,499.0,29.0,2025,17,58,59,22,0.2160919540229885,498,0.03413654618473896,0.11646586345381527,0.11847389558232932,0.04417670682730924,True,164.27,732.0
2024,16512,isiah kiner falefa,Isiah Kiner-Falefa,- - -,0.032,0.157,0.32799999999999996,0.626,0.46,0.772,0.94,0.873,0.057999999999999996,86.1,107.9,0.29600000000000004,0.023,0.374,9.1,0.474,0.318,0.20800000000000002,0.36200000000000004,0.38799999999999996,0.25,30.5,496.0,29.0,2025,2,45,40,15,0.26218097447795824,459,0.004357298474945534,0.09803921568627451,0.08714596949891068,0.032679738562091505,True,145.77,673.0
2024,21622,jake mccarthy,Jake McCarthy,ARI,0.063,0.158,0.33399999999999996,0.674,0.485,0.659,0.9420000000000001,0.8340000000000001,0.081,84.4,106.6,0.245,0.027000000000000003,0.374,9.1,0.504,0.29100000000000004,0.205,0.368,0.39,0.242,30.5,495.0,26.0,2025,4,18,20,6,0.20388349514563106,222,0.018018018018018018,0.08108108108108109,0.09009009009009009,0.02702702702702703,True,155.03,856.0
2024,16442,ryan ohearn,Ryan O'Hearn,BAL,0.09300000000000001,0.14,0.292,0.701,0.467,0.698,0.92,0.841,0.07400000000000001,89.6,108.8,0.401,0.069,0.374,12.0,0.406,0.401,0.19399999999999998,0.387,0.345,0.268,30.5,494.0,30.0,2025,17,67,63,3,0.2805907172995781,544,0.03125,0.12316176470588236,0.11580882352941177,0.0055147058823529415,True,170.58,732.0
2024,16930,jonah heim,Jonah Heim,TEX,0.053,0.183,0.364,0.777,0.5429999999999999,0.701,0.8959999999999999,0.8220000000000001,0.096,88.5,109.8,0.364,0.059000000000000004,0.374,14.6,0.424,0.4,0.17600000000000002,0.418,0.345,0.237,30.5,491.0,29.0,2025,11,38,43,3,0.21265822784810126,433,0.025404157043879907,0.08775981524249422,0.09930715935334873,0.006928406466512702,True,147.1,654.0
2024,16376,michael conforto,Michael Conforto,SFG,0.086,0.242,0.289,0.665,0.44799999999999995,0.643,0.848,0.772,0.102,90.2,113.6,0.45799999999999996,0.11800000000000001,0.374,14.8,0.418,0.406,0.17600000000000002,0.42100000000000004,0.344,0.235,30.5,488.0,31.0,2025,12,54,36,1,0.19856459330143542,486,0.024691358024691357,0.1111111111111111,0.07407407407407407,0.00205761316872428,True,154.99,603.0
2024,19955,gavin lux,Gavin Lux,LAD,0.09,0.226,0.27399999999999997,0.684,0.451,0.64,0.872,0.792,0.094,88.3,108.7,0.41100000000000003,0.06,0.374,9.0,0.486,0.299,0.215,0.381,0.402,0.218,30.5,487.0,26.0,2025,5,49,53,1,0.26905829596412556,503,0.009940357852882704,0.09741550695825049,0.10536779324055666,0.0019880715705765406,True,159.54,781.0
2024,19896,connor wong,Connor Wong,BOS,0.057,0.23399999999999999,0.33299999999999996,0.741,0.514,0.545,0.8420000000000001,0.735,0.136,86.5,109.1,0.345,0.063,0.374,12.9,0.435,0.359,0.207,0.423,0.318,0.259,30.5,487.0,28.0,2025,0,16,7,2,0.19047619047619047,188,0.0,0.0851063829787234,0.03723404255319149,0.010638297872340425,True,135.14,707.0
2024,19610,keibert ruiz,Keibert Ruiz,WSN,0.033,0.111,0.405,0.6890000000000001,0.523,0.83,0.935,0.887,0.059000000000000004,85.4,107.9,0.256,0.032,0.374,19.9,0.35,0.462,0.188,0.512,0.341,0.146,30.5,485.0,25.0,2025,2,19,25,0,0.24705882352941178,267,0.00749063670411985,0.07116104868913857,0.09363295880149813,0.0,True,145.06,492.0
2024,23401,jose caballero,Jose Caballero,TBR,0.055999999999999994,0.275,0.377,0.6729999999999999,0.493,0.5920000000000001,0.848,0.7290000000000001,0.133,83.7,109.9,0.252,0.051,0.374,15.9,0.39899999999999997,0.369,0.233,0.5379999999999999,0.317,0.14400000000000002,30.5,483.0,27.0,2025,5,52,36,49,0.2356687898089172,370,0.013513513513513514,0.14054054054054055,0.0972972972972973,0.13243243243243244,True,132.68,454.0
2024,18015,paul dejong,Paul DeJong,- - -,0.048,0.324,0.386,0.826,0.58,0.496,0.7759999999999999,0.672,0.19,87.8,111.5,0.415,0.102,0.374,20.0,0.316,0.456,0.228,0.449,0.31,0.24100000000000002,30.5,482.0,30.0,2025,6,18,23,4,0.22797927461139897,208,0.028846153846153848,0.08653846153846154,0.11057692307692307,0.019230769230769232,True,120.31,673.0
2024,2967,tommy pham,Tommy Pham,- - -,0.073,0.222,0.221,0.624,0.405,0.602,0.865,0.787,0.086,90.4,112.9,0.42700000000000005,0.07200000000000001,0.374,11.0,0.442,0.337,0.221,0.37,0.34299999999999997,0.287,30.5,478.0,36.0,2025,10,44,52,5,0.24489795918367346,449,0.022271714922048998,0.09799554565701558,0.11581291759465479,0.011135857461024499,True,147.75,673.0
2024,20202,brandon marsh,Brandon Marsh,PHI,0.105,0.324,0.268,0.631,0.41100000000000003,0.5660000000000001,0.867,0.748,0.10300000000000001,91.6,110.1,0.474,0.1,0.374,13.8,0.382,0.37799999999999995,0.24,0.389,0.311,0.3,30.5,476.0,26.0,2025,11,59,43,7,0.2796833773087071,425,0.02588235294117647,0.1388235294117647,0.1011764705882353,0.01647058823529412,True,156.79,745.0
2024,19734,josh rojas,Josh Rojas,SEA,0.09699999999999999,0.22699999999999998,0.256,0.685,0.451,0.5660000000000001,0.868,0.775,0.10099999999999999,88.2,108.4,0.379,0.055999999999999994,0.374,15.5,0.39399999999999996,0.42200000000000004,0.184,0.369,0.401,0.23,30.5,476.0,30.0,2025,2,14,11,4,0.17989417989417988,211,0.009478672985781991,0.06635071090047394,0.052132701421800945,0.018957345971563982,True,156.84,549.0
2024,14854,mike yastrzemski,Mike Yastrzemski,SFG,0.08,0.262,0.267,0.6579999999999999,0.43799999999999994,0.612,0.84,0.762,0.10400000000000001,90.4,108.2,0.408,0.105,0.374,19.1,0.359,0.45799999999999996,0.183,0.493,0.31,0.196,30.5,474.0,33.0,2025,17,68,46,7,0.23270440251572327,558,0.03046594982078853,0.12186379928315412,0.08243727598566308,0.012544802867383513,True,146.28,603.0
2024,15711,tyler oneill,Tyler O'Neill,BOS,0.11199999999999999,0.336,0.289,0.684,0.446,0.522,0.778,0.6779999999999999,0.14400000000000002,90.9,113.1,0.488,0.17300000000000001,0.374,20.2,0.358,0.469,0.17300000000000001,0.52,0.315,0.165,30.5,473.0,29.0,2025,9,22,26,4,0.19889502762430938,209,0.0430622009569378,0.10526315789473684,0.12440191387559808,0.019138755980861243,True,149.18,707.0
2024,15362,jeff mcneil,Jeff McNeil,NYM,0.07400000000000001,0.14400000000000002,0.349,0.802,0.5489999999999999,0.703,0.9159999999999999,0.84,0.087,87.0,107.7,0.311,0.031,0.374,14.9,0.39299999999999996,0.413,0.19399999999999998,0.442,0.37200000000000005,0.18600000000000003,30.5,472.0,32.0,2025,12,42,54,3,0.24310776942355888,462,0.025974025974025976,0.09090909090909091,0.11688311688311688,0.006493506493506494,True,153.87,735.0
2024,27506,ha seong kim,Ha-seong Kim,SDP,0.12300000000000001,0.16399999999999998,0.215,0.581,0.37799999999999995,0.779,0.895,0.8590000000000001,0.053,87.9,107.9,0.354,0.048,0.374,15.1,0.39799999999999996,0.426,0.17600000000000002,0.43200000000000005,0.345,0.222,30.5,470.0,28.0,2025,5,19,17,6,0.23391812865497075,191,0.02617801047120419,0.09947643979057591,0.08900523560209424,0.031413612565445025,True,178.93,697.0
2024,25931,michael harris,Michael Harris II,ATL,0.049,0.2,0.426,0.7070000000000001,0.5489999999999999,0.67,0.8390000000000001,0.765,0.129,90.5,114.7,0.47,0.1,0.374,7.5,0.494,0.299,0.207,0.42100000000000004,0.35200000000000004,0.226,30.5,470.0,23.0,2025,20,55,86,20,0.24877250409165302,641,0.031201248049921998,0.08580343213728549,0.13416536661466458,0.031201248049921998,True,130.89,595.0
2024,18360,austin riley,Austin Riley,ATL,0.079,0.252,0.314,0.747,0.501,0.551,0.8490000000000001,0.743,0.129,93.3,114.7,0.534,0.149,0.374,15.9,0.359,0.43,0.21,0.37200000000000005,0.369,0.259,30.5,469.0,27.0,2025,16,54,54,2,0.25961538461538464,447,0.035794183445190156,0.12080536912751678,0.12080536912751678,0.0044742729306487695,True,141.59,595.0
2024,13152,jorge polanco,Jorge Polanco,SEA,0.098,0.292,0.289,0.6709999999999999,0.446,0.595,0.823,0.736,0.11800000000000001,88.3,110.7,0.37200000000000005,0.08900000000000001,0.374,17.9,0.33799999999999997,0.42100000000000004,0.24100000000000002,0.486,0.319,0.195,30.5,469.0,30.0,2025,26,64,78,6,0.2653927813163482,524,0.04961832061068702,0.12213740458015267,0.14885496183206107,0.011450381679389313,True,149.52,549.0
2024,24618,ryan jeffers,Ryan Jeffers,MIN,0.069,0.20199999999999999,0.368,0.659,0.484,0.674,0.872,0.782,0.106,86.9,113.9,0.33799999999999997,0.083,0.374,16.3,0.39299999999999996,0.433,0.17300000000000001,0.385,0.391,0.225,30.5,465.0,27.0,2025,9,47,47,1,0.2660098522167488,464,0.01939655172413793,0.10129310344827586,0.10129310344827586,0.0021551724137931034,True,141.17,742.0
2024,12161,xander bogaerts,Xander Bogaerts,SDP,0.06,0.171,0.29,0.619,0.442,0.693,0.912,0.8340000000000001,0.073,88.1,111.3,0.332,0.051,0.374,10.9,0.479,0.344,0.177,0.414,0.4,0.18600000000000003,30.5,463.0,31.0,2025,11,63,53,20,0.26272912423625255,552,0.019927536231884056,0.11413043478260869,0.09601449275362318,0.036231884057971016,True,143.62,697.0
2024,11445,mark canha,Mark Canha,- - -,0.11,0.20800000000000002,0.266,0.612,0.41600000000000004,0.7290000000000001,0.846,0.804,0.08199999999999999,88.4,107.0,0.374,0.033,0.374,9.6,0.493,0.33799999999999997,0.16899999999999998,0.47700000000000004,0.318,0.205,30.5,462.0,35.0,2025,1,9,6,0,0.21238938053097345,125,0.008,0.072,0.048,0.0,True,162.25,673.0
2024,10681,gio urshela,Gio Urshela,- - -,0.05,0.156,0.39799999999999996,0.741,0.544,0.7490000000000001,0.8740000000000001,0.8220000000000001,0.09699999999999999,86.4,109.0,0.282,0.049,0.374,10.5,0.45899999999999996,0.305,0.23600000000000002,0.345,0.37799999999999995,0.27699999999999997,30.5,461.0,32.0,2025,0,10,20,0,0.23756906077348067,197,0.0,0.050761421319796954,0.10152284263959391,0.0,True,136.73,673.0
2024,24488,max schuemann,Max Schuemann,OAK,0.102,0.259,0.24600000000000002,0.642,0.418,0.535,0.841,0.7390000000000001,0.109,89.0,105.4,0.374,0.055999999999999994,0.374,16.6,0.36,0.42100000000000004,0.21899999999999997,0.364,0.381,0.255,30.5,459.0,27.0,2025,2,20,13,7,0.19672131147540983,213,0.009389671361502348,0.09389671361502347,0.06103286384976526,0.03286384976525822,True,148.58,629.0
2024,4949,giancarlo stanton,Giancarlo Stanton,NYY,0.083,0.312,0.344,0.6509999999999999,0.46799999999999997,0.5529999999999999,0.785,0.684,0.14800000000000002,94.6,120.0,0.551,0.207,0.374,14.8,0.38799999999999996,0.43799999999999994,0.174,0.435,0.355,0.21,30.5,459.0,34.0,2025,24,36,66,0,0.27309236947791166,281,0.08540925266903915,0.12811387900355872,0.23487544483985764,0.0,True,132.28,784.0
2024,25845,michael toglia,Michael Toglia,COL,0.11800000000000001,0.321,0.29100000000000004,0.6920000000000001,0.449,0.457,0.8029999999999999,0.667,0.149,92.2,112.0,0.5,0.172,0.374,15.0,0.361,0.424,0.21600000000000003,0.4,0.392,0.20800000000000002,30.5,458.0,25.0,2025,11,22,32,3,0.1895424836601307,337,0.032640949554896145,0.06528189910979229,0.09495548961424333,0.008902077151335312,True,145.69,656.0
2024,19354,luke raley,Luke Raley,SEA,0.059000000000000004,0.297,0.32799999999999996,0.767,0.517,0.444,0.7979999999999999,0.67,0.17,90.1,115.4,0.418,0.11,0.374,13.5,0.441,0.37200000000000005,0.188,0.44299999999999995,0.33,0.22699999999999998,30.5,455.0,29.0,2025,4,23,19,2,0.20218579234972678,219,0.0182648401826484,0.1050228310502283,0.0867579908675799,0.0091324200913242,True,118.3,549.0
2024,22184,mark vientos,Mark Vientos,NYM,0.073,0.297,0.359,0.695,0.499,0.537,0.784,0.68,0.159,91.2,113.2,0.466,0.141,0.374,11.4,0.442,0.36,0.198,0.41700000000000004,0.382,0.201,30.5,454.0,24.0,2025,17,44,61,1,0.23349056603773585,463,0.0367170626349892,0.09503239740820735,0.13174946004319654,0.0021598272138228943,True,125.76,735.0
2024,23565,davis schneider,Davis Schneider,TOR,0.10400000000000001,0.317,0.257,0.682,0.425,0.5589999999999999,0.8059999999999999,0.716,0.121,88.6,109.3,0.38,0.12,0.374,21.4,0.298,0.496,0.205,0.469,0.271,0.26,30.5,454.0,25.0,2025,11,33,31,3,0.23404255319148937,227,0.048458149779735685,0.14537444933920704,0.13656387665198239,0.013215859030837005,True,144.74,518.0
2024,20352,ernie clement,Ernie Clement,TOR,0.024,0.091,0.465,0.705,0.5670000000000001,0.8190000000000001,0.9259999999999999,0.8759999999999999,0.07,85.5,109.4,0.249,0.038,0.374,16.3,0.382,0.41700000000000004,0.201,0.47100000000000003,0.332,0.196,30.5,452.0,28.0,2025,9,83,50,6,0.27706422018348625,588,0.015306122448979591,0.141156462585034,0.08503401360544217,0.01020408163265306,True,129.63,518.0
2024,22542,lawrence butler,Lawrence Butler,OAK,0.078,0.239,0.308,0.7120000000000001,0.47600000000000003,0.61,0.838,0.752,0.11800000000000001,91.1,113.1,0.474,0.11,0.374,11.3,0.43799999999999994,0.377,0.185,0.321,0.39899999999999997,0.27899999999999997,30.5,451.0,23.0,2025,21,83,63,22,0.23374340949033393,630,0.03333333333333333,0.13174603174603175,0.1,0.03492063492063492,True,136.92,629.0
2024,20220,jo adell,Jo Adell,LAA,0.078,0.27899999999999997,0.345,0.731,0.49700000000000005,0.5870000000000001,0.8190000000000001,0.721,0.139,89.8,115.6,0.445,0.11699999999999999,0.374,15.8,0.355,0.461,0.184,0.42200000000000004,0.337,0.24100000000000002,30.5,451.0,25.0,2025,37,63,98,5,0.23574144486692014,573,0.06457242582897033,0.1099476439790576,0.17102966841186737,0.008726003490401396,True,132.73,591.0
2024,15491,jp crawford,J.P. Crawford,SEA,0.115,0.226,0.21600000000000003,0.648,0.41,0.715,0.872,0.826,0.071,87.5,110.7,0.37799999999999995,0.065,0.374,13.2,0.457,0.363,0.18,0.326,0.41200000000000003,0.261,30.5,451.0,29.0,2025,12,69,58,8,0.2649122807017544,654,0.01834862385321101,0.10550458715596331,0.08868501529051988,0.012232415902140673,True,163.62,549.0
2024,11899,joc pederson,Joc Pederson,ARI,0.122,0.23399999999999999,0.315,0.619,0.435,0.682,0.846,0.774,0.098,92.2,114.1,0.45399999999999996,0.125,0.374,17.0,0.392,0.40299999999999997,0.205,0.5,0.35700000000000004,0.14300000000000002,30.5,449.0,32.0,2025,9,28,26,2,0.1811320754716981,306,0.029411764705882353,0.0915032679738562,0.08496732026143791,0.006535947712418301,True,159.04,856.0
2024,27478,patrick bailey,Patrick Bailey,SFG,0.087,0.223,0.27899999999999997,0.726,0.479,0.585,0.883,0.787,0.102,91.3,110.1,0.42700000000000005,0.055,0.374,12.1,0.391,0.345,0.263,0.379,0.379,0.243,30.5,448.0,25.0,2025,6,47,55,1,0.22249388753056235,452,0.01327433628318584,0.10398230088495575,0.12168141592920353,0.0022123893805309734,True,144.75,603.0
2024,27815,jordan westburg,Jordan Westburg,BAL,0.049,0.217,0.337,0.737,0.509,0.5720000000000001,0.8420000000000001,0.74,0.132,91.1,111.2,0.461,0.11800000000000001,0.374,13.1,0.419,0.38799999999999996,0.19399999999999998,0.41100000000000003,0.355,0.23399999999999999,30.5,447.0,25.0,2025,17,59,41,1,0.2652439024390244,352,0.048295454545454544,0.16761363636363635,0.11647727272727272,0.002840909090909091,True,121.14,732.0
2024,23772,wilyer abreu,Wilyer Abreu,BOS,0.08900000000000001,0.28,0.314,0.7020000000000001,0.478,0.618,0.812,0.738,0.125,91.6,114.4,0.502,0.10800000000000001,0.374,19.1,0.337,0.473,0.19,0.452,0.308,0.24,30.5,447.0,25.0,2025,22,53,69,6,0.24664879356568364,417,0.05275779376498801,0.12709832134292565,0.16546762589928057,0.014388489208633094,True,138.75,707.0
2024,25807,jared triolo,Jared Triolo,PIT,0.094,0.265,0.29100000000000004,0.715,0.474,0.562,0.848,0.748,0.12,88.4,108.0,0.391,0.053,0.374,13.4,0.41600000000000004,0.39399999999999996,0.19,0.406,0.342,0.253,30.5,446.0,26.0,2025,7,41,24,13,0.22658610271903323,376,0.018617021276595744,0.10904255319148937,0.06382978723404255,0.034574468085106384,True,142.01,627.0
2024,24816,andy pages,Andy Pages,LAD,0.065,0.244,0.336,0.727,0.51,0.639,0.858,0.777,0.113,88.6,112.0,0.4,0.107,0.374,20.8,0.321,0.455,0.22399999999999998,0.418,0.32799999999999996,0.254,30.5,443.0,23.0,2025,27,74,86,14,0.2719449225473322,624,0.04326923076923077,0.11858974358974358,0.13782051282051283,0.022435897435897436,True,132.06,781.0
2024,23690,brayan rocchio,Brayan Rocchio,CLE,0.1,0.204,0.326,0.6779999999999999,0.466,0.6709999999999999,0.871,0.7859999999999999,0.099,84.6,108.1,0.223,0.04,0.374,9.4,0.457,0.34600000000000003,0.19699999999999998,0.41700000000000004,0.363,0.22,30.5,442.0,23.0,2025,5,34,44,8,0.23255813953488372,383,0.013054830287206266,0.08877284595300261,0.11488250652741515,0.020887728459530026,True,148.42,678.0
2024,18042,dylan moore,Dylan Moore,SEA,0.12,0.27899999999999997,0.223,0.68,0.423,0.595,0.858,0.78,0.09300000000000001,88.4,109.1,0.363,0.08800000000000001,0.374,22.6,0.29600000000000004,0.512,0.192,0.51,0.307,0.183,30.5,441.0,31.0,2025,11,35,25,14,0.2009132420091324,243,0.04526748971193416,0.1440329218106996,0.102880658436214,0.05761316872427984,True,156.11,549.0
2024,19709,fernando tatis,Fernando Tatis Jr.,SDP,0.073,0.21899999999999997,0.325,0.7559999999999999,0.51,0.5710000000000001,0.8490000000000001,0.748,0.128,93.5,116.7,0.5579999999999999,0.145,0.374,10.0,0.462,0.34,0.198,0.406,0.327,0.267,30.5,438.0,25.0,2025,25,111,71,32,0.2676767676767677,691,0.0361794500723589,0.16063675832127353,0.10274963820549927,0.04630969609261939,True,130.26,697.0
2024,18030,harrison bader,Harrison Bader,NYM,0.048,0.217,0.36,0.618,0.466,0.632,0.894,0.774,0.105,87.2,111.7,0.355,0.064,0.374,11.9,0.428,0.361,0.21100000000000002,0.47,0.364,0.166,30.5,437.0,30.0,2025,17,61,54,11,0.2767857142857143,501,0.033932135728542916,0.1217564870259481,0.10778443113772455,0.021956087824351298,True,122.45,735.0
2024,16556,ozzie albies,Ozzie Albies,ATL,0.062,0.149,0.37,0.851,0.565,0.711,0.868,0.807,0.109,88.4,113.7,0.32,0.062,0.374,18.4,0.385,0.435,0.18,0.488,0.331,0.18,30.5,435.0,27.0,2025,16,74,74,14,0.24046434494195687,667,0.0239880059970015,0.11094452773613193,0.11094452773613193,0.020989505247376312,True,132.28,595.0
2024,19608,otto lopez,Otto Lopez,MIA,0.057999999999999996,0.17300000000000001,0.35700000000000004,0.7120000000000001,0.511,0.636,0.9079999999999999,0.8,0.102,88.0,108.8,0.387,0.051,0.374,5.4,0.536,0.255,0.209,0.358,0.395,0.247,30.5,434.0,25.0,2025,15,66,77,15,0.24632352941176472,594,0.025252525252525252,0.1111111111111111,0.12962962962962962,0.025252525252525252,True,129.33,406.0
2024,19921,blake perkins,Blake Perkins,MIL,0.09699999999999999,0.249,0.273,0.598,0.41200000000000003,0.607,0.8420000000000001,0.752,0.102,88.8,106.8,0.377,0.039,0.374,12.0,0.474,0.36700000000000005,0.159,0.342,0.395,0.263,30.5,434.0,27.0,2025,3,25,19,7,0.22580645161290322,171,0.017543859649122806,0.14619883040935672,0.1111111111111111,0.04093567251461988,True,140.01,775.0
2024,15161,mitch garver,Mitch Garver,SEA,0.12300000000000001,0.309,0.237,0.596,0.387,0.53,0.825,0.7190000000000001,0.109,89.9,108.7,0.397,0.084,0.374,18.2,0.363,0.485,0.152,0.46799999999999997,0.36700000000000005,0.165,30.5,430.0,33.0,2025,9,29,30,3,0.20866141732283464,290,0.03103448275862069,0.1,0.10344827586206896,0.010344827586206896,True,145.64,549.0
2024,16530,mauricio dubon,Mauricio Dubon,HOU,0.037000000000000005,0.129,0.445,0.815,0.599,0.7879999999999999,0.8690000000000001,0.8340000000000001,0.099,86.1,108.3,0.265,0.027999999999999997,0.374,14.6,0.425,0.365,0.21,0.34600000000000003,0.344,0.31,30.5,428.0,29.0,2025,7,43,33,3,0.24119241192411925,398,0.017587939698492462,0.10804020100502512,0.0829145728643216,0.007537688442211055,True,122.92,708.0
2024,21614,kyle isbel,Kyle Isbel,KCR,0.063,0.207,0.34299999999999997,0.61,0.45799999999999996,0.684,0.9420000000000001,0.831,0.077,88.1,109.6,0.363,0.039,0.374,9.0,0.498,0.332,0.16899999999999998,0.402,0.327,0.271,30.5,426.0,27.0,2025,4,42,33,4,0.2554347826086957,409,0.009779951100244499,0.10268948655256724,0.08068459657701711,0.009779951100244499,True,133.04,709.0
2024,20043,luis robert,Luis Robert Jr.,CHW,0.066,0.332,0.389,0.7490000000000001,0.53,0.491,0.8140000000000001,0.669,0.175,90.1,113.0,0.406,0.098,0.374,13.5,0.387,0.41100000000000003,0.20199999999999999,0.34,0.387,0.273,30.5,425.0,26.0,2025,14,52,53,33,0.22251308900523561,431,0.03248259860788863,0.12064965197215777,0.12296983758700696,0.0765661252900232,True,113.35,394.0
2024,22857,wenceel perez,Wenceel Perez,DET,0.075,0.21600000000000003,0.32899999999999996,0.647,0.46,0.721,0.877,0.8109999999999999,0.087,88.4,109.1,0.303,0.043,0.374,18.0,0.348,0.419,0.233,0.413,0.38299999999999995,0.203,30.5,425.0,24.0,2025,13,47,43,8,0.2441860465116279,383,0.033942558746736295,0.1227154046997389,0.1122715404699739,0.020887728459530026,True,135.28,592.0
2024,18882,brandon lowe,Brandon Lowe,TBR,0.078,0.264,0.358,0.805,0.552,0.49700000000000005,0.8140000000000001,0.698,0.16699999999999998,89.8,111.0,0.447,0.124,0.374,14.5,0.36700000000000005,0.418,0.215,0.433,0.382,0.185,30.5,425.0,29.0,2025,31,79,83,3,0.2564102564102564,553,0.05605786618444846,0.14285714285714285,0.15009041591320071,0.0054249547920434,True,122.14,454.0
2024,15464,hunter renfroe,Hunter Renfroe,KCR,0.085,0.198,0.297,0.647,0.444,0.649,0.8640000000000001,0.7809999999999999,0.09699999999999999,88.5,112.0,0.39399999999999996,0.066,0.374,16.7,0.39399999999999996,0.46,0.146,0.503,0.321,0.175,30.5,424.0,32.0,2025,0,5,4,0,0.18181818181818182,108,0.0,0.046296296296296294,0.037037037037037035,0.0,True,135.38,709.0
2024,15679,rowdy tellez,Rowdy Tellez,PIT,0.07400000000000001,0.21100000000000002,0.295,0.609,0.43200000000000005,0.606,0.91,0.7929999999999999,0.08900000000000001,89.4,115.5,0.365,0.08,0.374,17.0,0.375,0.431,0.19399999999999998,0.405,0.318,0.278,30.5,421.0,29.0,2025,17,34,49,1,0.22837370242214533,312,0.05448717948717949,0.10897435897435898,0.15705128205128205,0.003205128205128205,True,131.31,627.0
2024,31837,masataka yoshida,Masataka Yoshida,BOS,0.064,0.124,0.292,0.6559999999999999,0.45399999999999996,0.747,0.9359999999999999,0.8690000000000001,0.06,88.0,111.1,0.375,0.055,0.374,10.6,0.42700000000000005,0.35700000000000004,0.21600000000000003,0.35700000000000004,0.39,0.253,30.5,421.0,30.0,2025,4,16,26,3,0.26595744680851063,205,0.01951219512195122,0.07804878048780488,0.12682926829268293,0.014634146341463415,True,136.7,707.0
2024,19956,mickey moniak,Mickey Moniak,LAA,0.05,0.273,0.42200000000000004,0.763,0.5589999999999999,0.619,0.8140000000000001,0.726,0.153,88.1,112.8,0.344,0.09300000000000001,0.374,19.8,0.35700000000000004,0.455,0.188,0.484,0.308,0.20800000000000002,30.5,418.0,26.0,2025,24,62,68,9,0.2695852534562212,461,0.052060737527114966,0.13449023861171366,0.1475054229934924,0.019522776572668113,True,111.94,591.0
2024,27562,austin wells,Austin Wells,NYY,0.114,0.21,0.298,0.75,0.491,0.595,0.84,0.755,0.12,88.4,111.2,0.389,0.091,0.374,17.1,0.36700000000000005,0.433,0.2,0.40399999999999997,0.327,0.26899999999999996,30.5,414.0,24.0,2025,21,51,71,5,0.2194513715710723,448,0.046875,0.11383928571428571,0.15848214285714285,0.011160714285714286,True,140.97,784.0
2024,11739,jt realmuto,J.T. Realmuto,PHI,0.065,0.247,0.348,0.7120000000000001,0.505,0.618,0.8759999999999999,0.775,0.113,89.2,109.7,0.466,0.10400000000000001,0.374,9.4,0.44799999999999995,0.33299999999999996,0.21899999999999997,0.405,0.369,0.226,30.5,413.0,33.0,2025,12,57,52,8,0.25697211155378485,550,0.02181818181818182,0.10363636363636364,0.09454545454545454,0.014545454545454545,True,122.87,745.0
2024,27769,pete crow armstrong,Pete Crow-Armstrong,CHC,0.051,0.239,0.435,0.79,0.5920000000000001,0.645,0.7929999999999999,0.732,0.158,88.9,107.2,0.368,0.07400000000000001,0.374,17.2,0.375,0.425,0.19899999999999998,0.435,0.33,0.235,30.5,410.0,22.0,2025,31,91,95,35,0.2470389170896785,647,0.04791344667697063,0.14064914992272023,0.14683153013910355,0.05409582689335394,True,110.95,653.0
2024,21454,lars nootbaar,Lars Nootbaar,STL,0.128,0.195,0.204,0.573,0.37200000000000005,0.7190000000000001,0.8909999999999999,0.84,0.06,91.8,113.5,0.495,0.099,0.374,6.0,0.517,0.303,0.18100000000000002,0.377,0.40299999999999997,0.22,30.5,405.0,26.0,2025,13,68,48,4,0.2337917485265226,583,0.022298456260720412,0.11663807890222985,0.0823327615780446,0.00686106346483705,True,153.9,653.0
2024,22263,nolan gorman,Nolan Gorman,STL,0.085,0.376,0.34700000000000003,0.723,0.509,0.465,0.743,0.635,0.185,88.5,111.0,0.384,0.16699999999999998,0.374,20.3,0.324,0.491,0.185,0.41700000000000004,0.41700000000000004,0.16699999999999998,30.5,402.0,24.0,2025,14,48,46,1,0.20512820512820512,402,0.03482587064676617,0.11940298507462686,0.11442786069651742,0.0024875621890547263,True,110.75,653.0
2024,18126,lamonte wade,LaMonte Wade Jr.,SFG,0.155,0.22399999999999998,0.23199999999999998,0.6509999999999999,0.408,0.545,0.895,0.78,0.09,90.6,110.8,0.441,0.094,0.374,12.8,0.39899999999999997,0.38299999999999995,0.218,0.43700000000000006,0.322,0.24100000000000002,30.5,401.0,30.0,2025,2,19,18,1,0.1674641148325359,242,0.008264462809917356,0.07851239669421488,0.0743801652892562,0.004132231404958678,True,155.99,603.0
2024,21501,trevor larnach,Trevor Larnach,MIN,0.1,0.223,0.281,0.6609999999999999,0.441,0.498,0.879,0.738,0.115,92.0,113.2,0.451,0.10099999999999999,0.374,12.5,0.44,0.373,0.187,0.414,0.354,0.231,30.5,400.0,27.0,2025,17,62,60,4,0.2504970178926441,567,0.029982363315696647,0.10934744268077601,0.10582010582010581,0.007054673721340388,True,128.56,742.0
2024,12144,max kepler,Max Kepler,MIN,0.055,0.201,0.35600000000000004,0.76,0.521,0.613,0.893,0.78,0.115,88.9,115.4,0.366,0.062,0.374,16.8,0.35200000000000004,0.43799999999999994,0.21,0.426,0.309,0.265,30.5,399.0,31.0,2025,18,58,52,3,0.2158273381294964,474,0.0379746835443038,0.12236286919831224,0.10970464135021098,0.006329113924050633,True,115.31,742.0
2024,18577,kebryan hayes,Ke'Bryan Hayes,PIT,0.057999999999999996,0.18899999999999997,0.315,0.626,0.44799999999999995,0.6990000000000001,0.9390000000000001,0.8420000000000001,0.071,88.9,110.4,0.429,0.024,0.374,4.8,0.527,0.282,0.19,0.289,0.405,0.306,30.5,396.0,27.0,2025,5,50,49,12,0.23529411764705882,570,0.008771929824561403,0.08771929824561403,0.08596491228070176,0.021052631578947368,True,123.0,627.0
2024,10472,enrique hernandez,Enrique Hernandez,LAD,0.069,0.196,0.3,0.722,0.488,0.6509999999999999,0.851,0.7829999999999999,0.106,89.6,112.7,0.415,0.048,0.374,17.1,0.36,0.444,0.196,0.37,0.377,0.253,30.5,393.0,32.0,2025,10,30,35,0,0.2025862068965517,256,0.0390625,0.1171875,0.13671875,0.0,True,119.43,781.0
2024,24934,david fry,David Fry,CLE,0.107,0.214,0.32299999999999995,0.725,0.491,0.621,0.865,0.772,0.11199999999999999,88.3,108.5,0.374,0.07400000000000001,0.374,19.6,0.335,0.441,0.22399999999999998,0.47100000000000003,0.314,0.21600000000000003,30.5,392.0,28.0,2025,8,16,23,1,0.17123287671232876,157,0.050955414012738856,0.10191082802547771,0.1464968152866242,0.006369426751592357,True,132.73,678.0
2024,19997,santiago espinal,Santiago Espinal,CIN,0.061,0.138,0.306,0.7140000000000001,0.48700000000000004,0.738,0.941,0.87,0.063,85.9,105.9,0.24100000000000002,0.019,0.374,15.0,0.38799999999999996,0.368,0.244,0.392,0.289,0.318,30.5,391.0,29.0,2025,0,25,16,2,0.2425249169435216,328,0.0,0.07621951219512195,0.04878048780487805,0.006097560975609756,True,125.9,669.0
2024,21865,bo naylor,Bo Naylor,CLE,0.075,0.314,0.312,0.664,0.46799999999999997,0.601,0.816,0.736,0.124,88.8,109.0,0.377,0.081,0.374,19.9,0.35,0.474,0.175,0.436,0.35600000000000004,0.20800000000000002,30.5,389.0,24.0,2025,14,46,47,1,0.19498607242339833,414,0.033816425120772944,0.1111111111111111,0.11352657004830918,0.0024154589371980675,True,115.07,678.0
2024,14161,byron buxton,Byron Buxton,MIN,0.052000000000000005,0.255,0.368,0.778,0.54,0.524,0.805,0.6940000000000001,0.165,91.7,113.2,0.48100000000000004,0.132,0.374,19.8,0.295,0.465,0.24,0.49200000000000005,0.32899999999999996,0.17800000000000002,30.5,388.0,30.0,2025,35,97,83,24,0.26434426229508196,542,0.06457564575645756,0.17896678966789667,0.15313653136531366,0.04428044280442804,True,100.96,742.0
2024,22799,geraldo perdomo,Geraldo Perdomo,ARI,0.09300000000000001,0.149,0.221,0.606,0.395,0.7909999999999999,0.9470000000000001,0.899,0.04,87.1,109.8,0.258,0.031,0.374,16.7,0.413,0.39899999999999997,0.188,0.37799999999999995,0.344,0.278,30.5,388.0,24.0,2025,20,98,100,27,0.2897822445561139,720,0.027777777777777776,0.1361111111111111,0.1388888888888889,0.0375,True,140.73,856.0
2024,21853,will benson,Will Benson,CIN,0.10300000000000001,0.397,0.262,0.74,0.474,0.405,0.748,0.642,0.16899999999999998,89.4,110.7,0.401,0.115,0.374,18.2,0.363,0.442,0.195,0.5,0.318,0.182,30.5,388.0,26.0,2025,12,31,41,2,0.22608695652173913,253,0.04743083003952569,0.1225296442687747,0.16205533596837945,0.007905138339920948,True,114.69,669.0
2024,27490,nick gonzales,Nick Gonzales,PIT,0.047,0.191,0.384,0.7959999999999999,0.562,0.594,0.879,0.769,0.13,87.9,110.4,0.369,0.079,0.374,13.1,0.42200000000000004,0.349,0.228,0.431,0.324,0.245,30.5,387.0,25.0,2025,5,39,30,0,0.25984251968503935,408,0.012254901960784314,0.09558823529411764,0.07352941176470588,0.0,True,107.47,627.0
2024,19953,josh lowe,Josh Lowe,TBR,0.083,0.318,0.368,0.703,0.513,0.614,0.809,0.7290000000000001,0.139,90.8,109.3,0.461,0.10300000000000001,0.374,16.9,0.36200000000000004,0.418,0.22,0.353,0.32799999999999996,0.319,30.5,387.0,26.0,2025,11,56,40,18,0.2196969696969697,435,0.02528735632183908,0.12873563218390804,0.09195402298850575,0.041379310344827586,True,116.76,454.0
2024,22581,alejandro kirk,Alejandro Kirk,TOR,0.091,0.132,0.31,0.69,0.466,0.769,0.927,0.865,0.063,89.4,112.9,0.409,0.067,0.374,10.8,0.45299999999999996,0.32899999999999996,0.218,0.342,0.342,0.315,30.5,386.0,25.0,2025,15,45,76,1,0.28159645232815966,506,0.029644268774703556,0.08893280632411067,0.15019762845849802,0.001976284584980237,True,135.29,518.0
2024,22532,tyler freeman,Tyler Freeman,CLE,0.073,0.138,0.313,0.6629999999999999,0.46399999999999997,0.743,0.924,0.855,0.067,87.7,109.2,0.34600000000000003,0.032,0.374,12.9,0.452,0.38,0.168,0.413,0.35,0.237,30.5,383.0,25.0,2025,2,50,31,18,0.28116710875331563,428,0.004672897196261682,0.11682242990654206,0.07242990654205607,0.04205607476635514,True,126.2,678.0
2024,19260,jake fraley,Jake Fraley,CIN,0.068,0.183,0.366,0.836,0.58,0.679,0.862,0.799,0.11599999999999999,84.3,108.7,0.247,0.032,0.374,11.1,0.442,0.314,0.244,0.445,0.34299999999999997,0.212,30.5,382.0,29.0,2025,6,31,23,4,0.24083769633507854,217,0.027649769585253458,0.14285714285714285,0.10599078341013825,0.018433179723502304,True,117.54,669.0
2024,26477,spencer horwitz,Spencer Horwitz,TOR,0.11,0.184,0.301,0.664,0.46,0.7440000000000001,0.8809999999999999,0.831,0.078,88.2,108.1,0.366,0.08,0.374,13.7,0.42700000000000005,0.363,0.21,0.382,0.294,0.324,30.5,381.0,26.0,2025,11,55,51,0,0.27197802197802196,411,0.0267639902676399,0.13381995133819952,0.12408759124087591,0.0,True,136.89,518.0
2024,16426,thairo estrada,Thairo Estrada,SFG,0.026000000000000002,0.19899999999999998,0.39399999999999996,0.6759999999999999,0.512,0.6629999999999999,0.919,0.804,0.1,86.2,108.6,0.317,0.048,0.374,10.5,0.47200000000000003,0.34,0.188,0.469,0.317,0.214,30.5,381.0,28.0,2025,3,14,21,1,0.2532467532467532,165,0.01818181818181818,0.08484848484848485,0.12727272727272726,0.006060606060606061,True,101.8,603.0
2024,27465,spencer torkelson,Spencer Torkelson,DET,0.087,0.276,0.267,0.6940000000000001,0.46,0.541,0.861,0.76,0.111,89.0,109.0,0.39299999999999996,0.067,0.374,20.2,0.34,0.508,0.151,0.475,0.303,0.223,30.5,381.0,24.0,2025,31,82,78,2,0.23978685612788633,649,0.04776579352850539,0.1263482280431433,0.12018489984591679,0.0030816640986132513,True,120.01,592.0
2024,9241,starling marte,Starling Marte,NYM,0.073,0.21899999999999997,0.33,0.7040000000000001,0.498,0.55,0.8590000000000001,0.746,0.126,89.8,110.9,0.429,0.069,0.374,4.3,0.504,0.228,0.268,0.425,0.34,0.23600000000000002,30.5,370.0,35.0,2025,9,37,34,7,0.2696245733788396,329,0.02735562310030395,0.11246200607902736,0.1033434650455927,0.02127659574468085,True,109.82,735.0
2024,22896,lenyn sosa,Lenyn Sosa,CHW,0.033,0.209,0.413,0.6809999999999999,0.527,0.741,0.887,0.821,0.094,89.0,110.7,0.41200000000000003,0.061,0.374,12.3,0.396,0.364,0.24,0.34299999999999997,0.361,0.29600000000000004,30.5,369.0,24.0,2025,22,57,75,2,0.2644787644787645,544,0.04044117647058824,0.10477941176470588,0.13786764705882354,0.003676470588235294,True,103.06,394.0
2024,21840,freddy fermin,Freddy Fermin,KCR,0.063,0.179,0.354,0.735,0.509,0.6409999999999999,0.9,0.7929999999999999,0.105,88.2,108.1,0.33899999999999997,0.032,0.374,11.1,0.489,0.31,0.201,0.48,0.314,0.20600000000000002,30.5,368.0,29.0,2025,5,32,26,1,0.2507836990595611,347,0.01440922190201729,0.09221902017291066,0.07492795389048991,0.002881844380403458,True,110.73,709.0
2024,14162,carlos correa,Carlos Correa,MIN,0.109,0.166,0.28600000000000003,0.6779999999999999,0.445,0.708,0.8809999999999999,0.815,0.08199999999999999,90.3,113.9,0.445,0.091,0.374,9.0,0.435,0.363,0.20199999999999999,0.363,0.35100000000000003,0.28600000000000003,30.5,367.0,29.0,2025,13,63,52,0,0.2756052141527002,584,0.02226027397260274,0.10787671232876712,0.08904109589041095,0.0,True,129.73,742.0
2024,19844,abraham toro,Abraham Toro,OAK,0.055,0.17,0.348,0.6579999999999999,0.478,0.727,0.94,0.85,0.07200000000000001,87.2,109.9,0.29600000000000004,0.043,0.374,12.2,0.444,0.364,0.193,0.408,0.365,0.22699999999999998,30.5,364.0,27.0,2025,7,33,27,2,0.23938223938223938,284,0.02464788732394366,0.11619718309859155,0.09507042253521127,0.007042253521126761,True,112.84,629.0
2024,24336,johan rojas,Johan Rojas,PHI,0.036000000000000004,0.19,0.35700000000000004,0.627,0.473,0.6859999999999999,0.866,0.7879999999999999,0.1,85.7,110.6,0.27399999999999997,0.025,0.374,4.8,0.5710000000000001,0.314,0.115,0.39,0.39399999999999996,0.217,30.5,363.0,23.0,2025,1,23,18,12,0.2236842105263158,172,0.005813953488372093,0.13372093023255813,0.10465116279069768,0.06976744186046512,True,98.88,745.0
2024,21693,miguel amaya,Miguel Amaya,CHC,0.063,0.171,0.377,0.757,0.5379999999999999,0.642,0.894,0.7929999999999999,0.111,88.4,111.3,0.33899999999999997,0.047,0.374,11.1,0.434,0.363,0.20199999999999999,0.369,0.32799999999999996,0.303,30.5,363.0,25.0,2025,4,14,25,0,0.28125,103,0.038834951456310676,0.13592233009708737,0.24271844660194175,0.0,True,109.23,653.0
2024,11609,willson contreras,Willson Contreras,STL,0.126,0.268,0.33,0.736,0.49700000000000005,0.444,0.8140000000000001,0.67,0.16399999999999998,91.6,115.3,0.46799999999999997,0.11199999999999999,0.374,14.2,0.415,0.371,0.215,0.376,0.35600000000000004,0.268,30.5,358.0,32.0,2025,20,70,80,5,0.2571428571428571,563,0.035523978685612786,0.12433392539964476,0.14209591474245115,0.008880994671403197,True,117.07,653.0
2024,27684,michael massey,Michael Massey,KCR,0.042,0.157,0.39799999999999996,0.7,0.52,0.725,0.9359999999999999,0.8390000000000001,0.083,89.2,110.0,0.369,0.071,0.374,16.8,0.385,0.43200000000000005,0.183,0.539,0.29100000000000004,0.17,30.5,356.0,26.0,2025,3,20,20,2,0.24427480916030533,277,0.010830324909747292,0.07220216606498195,0.07220216606498195,0.007220216606498195,True,104.56,709.0
2024,22664,gabriel moreno,Gabriel Moreno,ARI,0.11699999999999999,0.14800000000000002,0.265,0.601,0.41200000000000003,0.737,0.8909999999999999,0.835,0.068,90.0,111.1,0.41,0.066,0.374,8.8,0.496,0.32,0.184,0.305,0.395,0.301,30.5,351.0,24.0,2025,9,44,40,2,0.2851985559566787,309,0.02912621359223301,0.1423948220064725,0.12944983818770225,0.006472491909385114,True,128.99,856.0
2024,11680,elias diaz,Elias Diaz,- - -,0.057,0.19699999999999998,0.377,0.779,0.5379999999999999,0.5720000000000001,0.852,0.735,0.14300000000000002,87.1,110.5,0.345,0.047,0.374,7.6,0.519,0.298,0.182,0.41100000000000003,0.368,0.221,30.5,351.0,33.0,2025,9,34,29,0,0.20392156862745098,283,0.03180212014134275,0.12014134275618374,0.10247349823321555,0.0,True,97.4,673.0
2024,15274,mike tauchman,Mike Tauchman,CHC,0.134,0.2,0.257,0.731,0.45899999999999996,0.6809999999999999,0.865,0.8059999999999999,0.08900000000000001,89.0,110.3,0.41,0.07400000000000001,0.374,15.4,0.397,0.415,0.188,0.332,0.341,0.32799999999999996,30.5,350.0,33.0,2025,9,44,40,0,0.2626865671641791,385,0.023376623376623377,0.11428571428571428,0.1038961038961039,0.0,True,131.53,653.0
2024,15518,amed rosario,Amed Rosario,- - -,0.026000000000000002,0.21100000000000002,0.423,0.741,0.551,0.654,0.889,0.7809999999999999,0.12,86.9,108.9,0.36200000000000004,0.046,0.374,4.6,0.512,0.27699999999999997,0.212,0.335,0.381,0.285,30.5,346.0,28.0,2025,6,20,23,1,0.27624309392265195,191,0.031413612565445025,0.10471204188481675,0.12041884816753927,0.005235602094240838,True,90.06,673.0
2024,15194,jake bauers,Jake Bauers,MIL,0.113,0.341,0.231,0.7190000000000001,0.457,0.433,0.8390000000000001,0.7290000000000001,0.124,89.4,110.1,0.429,0.10300000000000001,0.374,22.6,0.287,0.49700000000000005,0.215,0.5,0.31,0.19,30.5,346.0,28.0,2025,7,28,28,8,0.23497267759562843,218,0.03211009174311927,0.12844036697247707,0.12844036697247707,0.03669724770642202,True,114.77,775.0
2024,13675,tyrone taylor,Tyrone Taylor,NYM,0.055,0.23199999999999998,0.361,0.665,0.494,0.649,0.8909999999999999,0.792,0.10300000000000001,87.3,110.7,0.353,0.071,0.374,16.8,0.38,0.405,0.215,0.465,0.315,0.22,30.5,345.0,30.0,2025,2,34,27,12,0.22258064516129034,341,0.005865102639296188,0.09970674486803519,0.07917888563049853,0.03519061583577713,True,100.95,735.0
2024,26121,francisco alvarez,Francisco Alvarez,NYM,0.08800000000000001,0.251,0.322,0.6559999999999999,0.461,0.57,0.845,0.732,0.12300000000000001,88.8,114.8,0.42,0.067,0.374,6.9,0.522,0.317,0.161,0.348,0.366,0.28600000000000003,30.5,342.0,22.0,2025,11,32,32,0,0.25609756097560976,277,0.039711191335740074,0.11552346570397112,0.11552346570397112,0.0,True,105.2,735.0
2024,26208,tyler fitzgerald,Tyler Fitzgerald,SFG,0.065,0.317,0.294,0.688,0.466,0.523,0.8,0.7020000000000001,0.139,87.7,107.3,0.319,0.08199999999999999,0.374,20.2,0.327,0.446,0.228,0.498,0.271,0.23199999999999998,30.5,341.0,26.0,2025,4,19,14,9,0.21658986175115208,243,0.01646090534979424,0.07818930041152264,0.05761316872427984,0.037037037037037035,True,93.98,603.0
2024,19522,tj friedl,TJ Friedl,CIN,0.076,0.152,0.271,0.634,0.431,0.682,0.922,0.838,0.07,86.0,108.9,0.315,0.032,0.374,16.7,0.371,0.45399999999999996,0.175,0.48200000000000004,0.299,0.21899999999999997,30.5,341.0,28.0,2025,14,82,53,12,0.2607944732297064,685,0.020437956204379562,0.11970802919708029,0.07737226277372262,0.017518248175182483,True,111.64,669.0
2024,7739,travis darnaud,Travis d'Arnaud,ATL,0.07,0.261,0.317,0.768,0.508,0.583,0.778,0.708,0.14800000000000002,89.9,109.8,0.41,0.10400000000000001,0.374,11.6,0.46399999999999997,0.35600000000000004,0.18,0.38299999999999995,0.324,0.293,30.5,341.0,35.0,2025,6,16,21,0,0.19718309859154928,231,0.025974025974025976,0.06926406926406926,0.09090909090909091,0.0,True,96.3,595.0
2024,18345,kyle tucker,Kyle Tucker,HOU,0.165,0.159,0.209,0.696,0.415,0.65,0.894,0.823,0.073,91.1,108.1,0.44299999999999995,0.127,0.374,21.2,0.28,0.524,0.196,0.42200000000000004,0.253,0.324,30.5,339.0,27.0,2025,22,91,73,25,0.266,597,0.03685092127303183,0.152428810720268,0.12227805695142378,0.04187604690117253,True,139.63,708.0
2024,19452,jake rogers,Jake Rogers,DET,0.065,0.294,0.306,0.7020000000000001,0.47600000000000003,0.514,0.797,0.693,0.146,89.1,107.1,0.418,0.099,0.374,16.0,0.408,0.42700000000000005,0.16399999999999998,0.479,0.366,0.155,30.5,337.0,29.0,2025,3,14,19,0,0.18699186991869918,142,0.02112676056338028,0.09859154929577464,0.13380281690140844,0.0,True,91.97,592.0
2024,7802,miguel rojas,Miguel Rojas,LAD,0.068,0.10099999999999999,0.301,0.6779999999999999,0.462,0.7879999999999999,0.9259999999999999,0.875,0.057999999999999996,85.0,109.1,0.278,0.025,0.374,9.7,0.48200000000000004,0.287,0.23199999999999998,0.408,0.321,0.271,30.5,337.0,35.0,2025,7,35,27,5,0.2620689655172414,317,0.022082018927444796,0.11041009463722397,0.08517350157728706,0.015772870662460567,True,111.38,781.0
2024,19612,bo bichette,Bo Bichette,TOR,0.06,0.19,0.405,0.7909999999999999,0.564,0.6459999999999999,0.9209999999999999,0.805,0.109,89.2,111.2,0.43,0.044000000000000004,0.374,7.2,0.478,0.301,0.221,0.281,0.365,0.353,30.5,336.0,26.0,2025,18,78,94,4,0.31099656357388317,628,0.028662420382165606,0.12420382165605096,0.14968152866242038,0.006369426751592357,True,101.3,518.0
2024,29518,james wood,James Wood,WSN,0.11599999999999999,0.289,0.22899999999999998,0.58,0.382,0.519,0.8370000000000001,0.73,0.10300000000000001,92.8,111.6,0.52,0.106,0.374,2.5,0.556,0.222,0.222,0.318,0.369,0.313,30.5,336.0,21.0,2025,31,87,94,15,0.25585284280936454,689,0.04499274310595065,0.1262699564586357,0.13642960812772134,0.02177068214804064,True,112.56,492.0
2024,21538,nick fortes,Nick Fortes,MIA,0.033,0.122,0.34299999999999997,0.644,0.478,0.807,0.922,0.877,0.059000000000000004,84.3,109.2,0.226,0.013999999999999999,0.374,15.4,0.43200000000000005,0.402,0.165,0.452,0.315,0.233,30.5,335.0,27.0,2025,5,19,21,1,0.22935779816513763,242,0.02066115702479339,0.07851239669421488,0.08677685950413223,0.004132231404958678,True,99.19,406.0
2024,20287,ben rortvedt,Ben Rortvedt,TBR,0.10400000000000001,0.268,0.305,0.5920000000000001,0.426,0.588,0.852,0.742,0.11,86.2,109.3,0.307,0.035,0.374,11.9,0.46299999999999997,0.32799999999999996,0.209,0.342,0.391,0.267,30.5,328.0,26.0,2025,1,9,10,0,0.15178571428571427,128,0.0078125,0.0703125,0.078125,0.0,True,107.12,454.0
2024,21707,oswaldo cabrera,Oswaldo Cabrera,NYY,0.064,0.193,0.332,0.685,0.474,0.6829999999999999,0.925,0.823,0.084,88.2,107.2,0.349,0.037000000000000005,0.374,12.5,0.43,0.36700000000000005,0.203,0.386,0.386,0.228,30.5,326.0,25.0,2025,1,17,11,0,0.24299065420560748,122,0.00819672131147541,0.13934426229508196,0.09016393442622951,0.0,True,101.35,784.0
2024,19392,zach mckinstry,Zach McKinstry,DET,0.07400000000000001,0.212,0.31,0.679,0.473,0.657,0.888,0.804,0.09300000000000001,88.0,108.1,0.326,0.043,0.374,18.7,0.32799999999999996,0.424,0.249,0.391,0.374,0.235,30.5,325.0,29.0,2025,12,68,49,19,0.2588495575221239,511,0.023483365949119372,0.13307240704500978,0.0958904109589041,0.03718199608610567,True,102.44,592.0
2024,20437,royce lewis,Royce Lewis,MIN,0.086,0.228,0.36200000000000004,0.758,0.519,0.607,0.857,0.752,0.129,87.1,111.6,0.377,0.11199999999999999,0.374,16.8,0.36,0.45899999999999996,0.18,0.48,0.341,0.179,30.5,325.0,25.0,2025,13,36,52,12,0.23670212765957446,403,0.03225806451612903,0.08933002481389578,0.12903225806451613,0.02977667493796526,True,101.27,742.0
2024,16535,danny jansen,Danny Jansen,- - -,0.12300000000000001,0.188,0.237,0.6459999999999999,0.408,0.66,0.8909999999999999,0.813,0.078,86.6,107.2,0.295,0.064,0.374,21.8,0.305,0.532,0.16399999999999998,0.523,0.3,0.177,30.5,324.0,29.0,2025,14,38,36,0,0.2152777777777778,337,0.04154302670623145,0.11275964391691394,0.10682492581602374,0.0,True,118.88,673.0
2024,15878,miguel andujar,Miguel Andujar,OAK,0.040999999999999995,0.132,0.384,0.677,0.505,0.748,0.948,0.858,0.071,86.1,110.8,0.337,0.027000000000000003,0.374,9.2,0.502,0.318,0.18,0.402,0.326,0.272,30.5,319.0,29.0,2025,10,36,44,1,0.3177570093457944,341,0.02932551319648094,0.10557184750733138,0.12903225806451613,0.002932551319648094,True,95.19,629.0
2024,27531,david hamilton,David Hamilton,BOS,0.069,0.252,0.281,0.657,0.449,0.546,0.8909999999999999,0.772,0.102,87.0,108.8,0.322,0.055999999999999994,0.374,15.8,0.368,0.426,0.20600000000000002,0.41100000000000003,0.318,0.271,30.5,317.0,26.0,2025,6,27,19,22,0.1977401129943503,194,0.030927835051546393,0.13917525773195877,0.0979381443298969,0.1134020618556701,True,95.29,707.0
2024,11477,christian yelich,Christian Yelich,MIL,0.127,0.184,0.29100000000000004,0.721,0.455,0.667,0.885,0.799,0.091,91.1,113.2,0.465,0.079,0.374,5.2,0.545,0.265,0.19,0.40700000000000003,0.336,0.257,30.5,315.0,32.0,2025,29,88,103,16,0.26352530541012215,644,0.04503105590062112,0.13664596273291926,0.15993788819875776,0.024844720496894408,True,115.51,775.0
2024,9774,christian vazquez,Christian Vazquez,MIN,0.035,0.20600000000000002,0.38799999999999996,0.6920000000000001,0.516,0.71,0.898,0.8170000000000001,0.095,88.5,108.8,0.366,0.038,0.374,16.1,0.392,0.401,0.207,0.387,0.37799999999999995,0.235,30.5,315.0,33.0,2025,3,14,14,1,0.18947368421052632,214,0.014018691588785047,0.06542056074766354,0.06542056074766354,0.004672897196261682,True,88.23,742.0
2024,13620,carson kelly,Carson Kelly,- - -,0.08,0.17600000000000002,0.27899999999999997,0.705,0.45399999999999996,0.602,0.893,0.7879999999999999,0.095,87.6,107.7,0.392,0.066,0.374,13.6,0.46299999999999997,0.392,0.145,0.414,0.374,0.21100000000000002,30.5,313.0,29.0,2025,17,48,50,2,0.24932249322493225,421,0.040380047505938245,0.11401425178147269,0.1187648456057007,0.004750593824228029,True,99.03,673.0
2024,17696,kevin newman,Kevin Newman,ARI,0.048,0.154,0.321,0.6920000000000001,0.48700000000000004,0.705,0.9209999999999999,0.843,0.077,85.6,104.7,0.23399999999999999,0.016,0.374,9.8,0.48100000000000004,0.299,0.22,0.359,0.355,0.28600000000000003,30.5,311.0,30.0,2025,2,13,11,1,0.20175438596491227,116,0.017241379310344827,0.11206896551724138,0.09482758620689655,0.008620689655172414,True,93.58,856.0
2024,17128,ramon laureano,Ramon Laureano,- - -,0.049,0.311,0.35,0.75,0.523,0.532,0.8140000000000001,0.7070000000000001,0.153,89.2,110.7,0.408,0.126,0.374,13.3,0.387,0.37200000000000005,0.24100000000000002,0.435,0.314,0.251,30.5,309.0,29.0,2025,24,72,76,7,0.2811791383219955,488,0.04918032786885246,0.14754098360655737,0.1557377049180328,0.014344262295081968,True,80.68,673.0
2024,8623,donovan solano,Donovan Solano,SDP,0.071,0.21,0.332,0.645,0.47200000000000003,0.624,0.8909999999999999,0.787,0.1,87.3,107.6,0.374,0.037000000000000005,0.374,13.6,0.44299999999999995,0.32899999999999996,0.228,0.34700000000000003,0.41100000000000003,0.242,30.5,309.0,36.0,2025,3,10,21,0,0.2469879518072289,179,0.01675977653631285,0.055865921787709494,0.11731843575418995,0.0,True,94.89,697.0
2024,13770,rob refsnyder,Rob Refsnyder,BOS,0.091,0.254,0.275,0.684,0.45899999999999996,0.56,0.835,0.745,0.11699999999999999,89.5,111.5,0.429,0.09699999999999999,0.374,10.8,0.456,0.32799999999999996,0.215,0.374,0.374,0.251,30.5,307.0,33.0,2025,9,29,30,3,0.2692307692307692,209,0.0430622009569378,0.13875598086124402,0.14354066985645933,0.014354066985645933,True,96.55,707.0
2024,15653,dominic smith,Dominic Smith,- - -,0.091,0.248,0.304,0.664,0.45299999999999996,0.6509999999999999,0.853,0.774,0.102,89.3,109.1,0.387,0.106,0.374,13.1,0.40700000000000003,0.392,0.201,0.41700000000000004,0.35700000000000004,0.226,30.5,307.0,29.0,2025,5,26,33,2,0.28431372549019607,225,0.022222222222222223,0.11555555555555555,0.14666666666666667,0.008888888888888889,True,99.22,673.0
2024,19858,luis rengifo,Luis Rengifo,LAA,0.053,0.145,0.402,0.797,0.56,0.659,0.89,0.7909999999999999,0.11699999999999999,87.0,110.2,0.325,0.025,0.374,6.7,0.5479999999999999,0.247,0.205,0.396,0.379,0.225,30.5,304.0,27.0,2025,9,55,43,10,0.2375249500998004,541,0.0166358595194085,0.10166358595194085,0.07948243992606285,0.018484288354898338,True,88.25,591.0
2024,22266,xavier edwards,Xavier Edwards,MIA,0.109,0.172,0.261,0.73,0.46799999999999997,0.757,0.89,0.848,0.071,86.1,102.7,0.243,0.018000000000000002,0.374,6.7,0.507,0.265,0.22699999999999998,0.284,0.39399999999999996,0.321,30.5,303.0,24.0,2025,3,75,43,27,0.28342245989304815,619,0.004846526655896607,0.12116316639741519,0.06946688206785137,0.04361873990306947,True,110.11,406.0
2024,13324,ildemaro vargas,Ildemaro Vargas,WSN,0.063,0.102,0.326,0.631,0.455,0.794,0.9540000000000001,0.888,0.051,87.0,108.5,0.319,0.012,0.374,4.0,0.523,0.282,0.195,0.486,0.32299999999999995,0.191,30.5,303.0,32.0,2025,3,12,19,0,0.26956521739130435,121,0.024793388429752067,0.09917355371900827,0.15702479338842976,0.0,True,99.81,492.0
2024,19890,emmanuel rivera,Emmanuel Rivera,- - -,0.086,0.228,0.32299999999999995,0.7240000000000001,0.484,0.55,0.8540000000000001,0.732,0.129,89.7,109.2,0.441,0.079,0.374,8.7,0.522,0.318,0.159,0.317,0.42100000000000004,0.262,30.5,302.0,28.0,2025,0,5,13,1,0.25,127,0.0,0.03937007874015748,0.10236220472440945,0.007874015748031496,True,92.29,673.0
2024,27534,edouard julien,Edouard Julien,MIN,0.11,0.33899999999999997,0.226,0.642,0.405,0.491,0.821,0.716,0.115,87.8,110.2,0.37799999999999995,0.098,0.374,11.8,0.439,0.32299999999999995,0.23800000000000002,0.37200000000000005,0.32899999999999996,0.299,30.5,301.0,25.0,2025,3,13,12,0,0.21978021978021978,208,0.014423076923076924,0.0625,0.057692307692307696,0.0,True,97.76,742.0
2024,18795,ramon urias,Ramon Urias,BAL,0.076,0.183,0.307,0.7509999999999999,0.496,0.644,0.818,0.7559999999999999,0.121,88.3,109.5,0.385,0.087,0.374,12.8,0.44,0.39,0.17,0.36700000000000005,0.376,0.257,30.5,301.0,30.0,2025,11,33,44,3,0.24147727272727273,391,0.028132992327365727,0.08439897698209718,0.11253196930946291,0.0076726342710997444,True,91.14,732.0
2024,11489,michael a taylor,Michael A. Taylor,PIT,0.077,0.35,0.324,0.705,0.486,0.41100000000000003,0.7609999999999999,0.627,0.18100000000000002,89.3,111.8,0.401,0.11599999999999999,0.374,13.7,0.414,0.364,0.222,0.45899999999999996,0.39,0.151,30.5,300.0,33.0,2025,9,33,35,8,0.2,325,0.027692307692307693,0.10153846153846154,0.1076923076923077,0.024615384615384615,True,79.53,627.0
2024,23800,parker meadows,Parker Meadows,DET,0.084,0.255,0.28600000000000003,0.669,0.45299999999999996,0.531,0.867,0.747,0.114,86.8,110.0,0.311,0.071,0.374,18.9,0.325,0.479,0.196,0.38799999999999996,0.38299999999999995,0.23,30.5,298.0,24.0,2025,4,22,16,4,0.21465968586387435,213,0.018779342723004695,0.10328638497652583,0.07511737089201878,0.018779342723004695,True,91.81,592.0
2024,20529,nolan jones,Nolan Jones,COL,0.121,0.306,0.259,0.583,0.39899999999999997,0.62,0.85,0.765,0.094,88.2,112.0,0.444,0.059000000000000004,0.374,7.8,0.524,0.27399999999999997,0.20199999999999999,0.272,0.43200000000000005,0.29600000000000004,30.5,297.0,26.0,2025,5,34,34,8,0.2112676056338028,403,0.01240694789081886,0.08436724565756824,0.08436724565756824,0.019851116625310174,True,104.1,656.0
2024,25961,kerry carpenter,Kerry Carpenter,DET,0.07400000000000001,0.253,0.36200000000000004,0.7040000000000001,0.501,0.5479999999999999,0.847,0.72,0.14,90.4,109.6,0.451,0.16899999999999998,0.374,17.7,0.375,0.44799999999999995,0.177,0.43200000000000005,0.32799999999999996,0.24,30.5,296.0,26.0,2025,26,66,62,1,0.2517321016166282,464,0.05603448275862069,0.14224137931034483,0.1336206896551724,0.0021551724137931034,True,85.84,592.0
2024,18363,victor robles,Victor Robles,- - -,0.071,0.18,0.34600000000000003,0.7759999999999999,0.522,0.589,0.873,0.7609999999999999,0.124,86.7,109.8,0.28600000000000003,0.062,0.374,14.8,0.405,0.353,0.242,0.495,0.3,0.205,30.5,295.0,27.0,2025,1,12,9,6,0.24528301886792453,114,0.008771929824561403,0.10526315789473684,0.07894736842105263,0.05263157894736842,True,88.29,673.0
2024,15223,adam frazier,Adam Frazier,KCR,0.075,0.201,0.305,0.682,0.469,0.6729999999999999,0.9059999999999999,0.82,0.084,84.5,106.3,0.228,0.028999999999999998,0.374,15.3,0.38299999999999995,0.363,0.254,0.40299999999999997,0.33,0.267,30.5,294.0,32.0,2025,7,43,44,8,0.26730310262529833,459,0.015250544662309368,0.09368191721132897,0.09586056644880174,0.017429193899782137,True,94.37,709.0
2024,13301,max muncy,Max Muncy,LAD,0.154,0.263,0.242,0.652,0.406,0.52,0.81,0.7070000000000001,0.11900000000000001,90.2,110.0,0.434,0.10800000000000001,0.374,26.6,0.253,0.542,0.205,0.48200000000000004,0.319,0.19899999999999998,30.5,293.0,33.0,2025,19,48,67,4,0.24281150159744408,388,0.04896907216494845,0.12371134020618557,0.17268041237113402,0.010309278350515464,True,107.27,781.0
2024,10231,jose iglesias,Jose Iglesias,NYM,0.040999999999999995,0.134,0.43700000000000006,0.636,0.525,0.779,0.924,0.856,0.075,85.8,109.8,0.306,0.022000000000000002,0.374,9.0,0.48700000000000004,0.276,0.237,0.31,0.384,0.306,30.5,291.0,34.0,2025,3,29,36,5,0.22875816993464052,343,0.008746355685131196,0.08454810495626822,0.10495626822157435,0.014577259475218658,True,86.66,735.0
2024,12979,javier baez,Javier Baez,DET,0.042,0.239,0.44,0.67,0.524,0.608,0.847,0.7190000000000001,0.14800000000000002,88.3,111.1,0.39799999999999996,0.078,0.374,11.2,0.466,0.35,0.184,0.442,0.369,0.18899999999999997,30.5,289.0,31.0,2025,12,55,57,5,0.2565947242206235,437,0.02745995423340961,0.12585812356979406,0.13043478260869565,0.011441647597254004,True,74.48,592.0
2024,23733,ezequiel duran,Ezequiel Duran,TEX,0.049,0.221,0.414,0.752,0.555,0.63,0.871,0.7659999999999999,0.129,87.1,111.8,0.359,0.034,0.374,8.9,0.46799999999999997,0.376,0.156,0.316,0.408,0.27699999999999997,30.5,285.0,25.0,2025,0,16,14,11,0.22439024390243903,219,0.0,0.0730593607305936,0.0639269406392694,0.0502283105022831,True,79.46,654.0
2024,21524,joey bart,Joey Bart,PIT,0.078,0.259,0.298,0.608,0.435,0.588,0.861,0.757,0.105,88.1,111.5,0.387,0.094,0.374,10.5,0.475,0.34299999999999997,0.182,0.475,0.348,0.177,30.5,282.0,27.0,2025,4,21,30,1,0.24912280701754386,332,0.012048192771084338,0.06325301204819277,0.09036144578313253,0.0030120481927710845,True,86.04,627.0
2024,13723,jacob stallings,Jacob Stallings,COL,0.096,0.231,0.28800000000000003,0.67,0.452,0.574,0.841,0.7440000000000001,0.115,86.6,107.2,0.344,0.07200000000000001,0.374,12.8,0.45299999999999996,0.358,0.19,0.39399999999999996,0.36700000000000005,0.239,30.5,281.0,34.0,2025,0,5,9,0,0.13445378151260504,129,0.0,0.03875968992248062,0.06976744186046512,0.0,True,89.7,656.0
2024,11442,gary sanchez,Gary Sanchez,MIL,0.096,0.271,0.298,0.5720000000000001,0.40700000000000003,0.601,0.8170000000000001,0.722,0.113,90.0,114.4,0.442,0.105,0.374,16.3,0.401,0.413,0.18600000000000003,0.47700000000000004,0.40700000000000003,0.11599999999999999,30.5,280.0,31.0,2025,5,13,24,0,0.23076923076923078,101,0.04950495049504951,0.12871287128712872,0.2376237623762376,0.0,True,87.53,775.0
2024,10243,randal grichuk,Randal Grichuk,ARI,0.07200000000000001,0.165,0.31,0.7020000000000001,0.474,0.653,0.919,0.818,0.086,90.7,112.3,0.47600000000000003,0.11,0.374,17.0,0.36700000000000005,0.452,0.18100000000000002,0.452,0.36700000000000005,0.18100000000000002,30.5,279.0,32.0,2025,9,35,27,0,0.22794117647058823,293,0.030716723549488054,0.11945392491467577,0.09215017064846416,0.0,True,88.55,856.0
2024,22244,jack suwinski,Jack Suwinski,PIT,0.09699999999999999,0.285,0.261,0.7140000000000001,0.46399999999999997,0.55,0.8540000000000001,0.76,0.111,88.9,111.5,0.382,0.08800000000000001,0.374,12.9,0.46399999999999997,0.35700000000000004,0.179,0.441,0.324,0.235,30.5,277.0,25.0,2025,3,15,10,7,0.14666666666666667,178,0.016853932584269662,0.08426966292134831,0.056179775280898875,0.03932584269662921,True,90.02,627.0
2024,17022,edmundo sosa,Edmundo Sosa,PHI,0.047,0.24100000000000002,0.44,0.762,0.565,0.565,0.8290000000000001,0.703,0.168,89.1,113.7,0.406,0.086,0.374,12.6,0.44,0.364,0.196,0.419,0.33899999999999997,0.242,30.5,274.0,28.0,2025,11,30,39,1,0.2757201646090535,261,0.0421455938697318,0.11494252873563218,0.14942528735632185,0.0038314176245210726,True,70.66,745.0
2024,14968,victor caratini,Victor Caratini,HOU,0.084,0.193,0.301,0.6920000000000001,0.473,0.631,0.87,0.784,0.102,91.2,111.1,0.431,0.055999999999999994,0.374,9.2,0.49700000000000005,0.297,0.205,0.431,0.33799999999999997,0.231,30.5,274.0,30.0,2025,12,35,46,1,0.25872093023255816,386,0.031088082901554404,0.09067357512953368,0.11917098445595854,0.0025906735751295338,True,87.46,708.0
2024,24703,jonah bride,Jonah Bride,MIA,0.11,0.20199999999999999,0.258,0.536,0.38,0.762,0.897,0.845,0.059000000000000004,87.1,105.9,0.337,0.054000000000000006,0.374,11.8,0.473,0.364,0.163,0.495,0.272,0.23399999999999999,30.5,272.0,28.0,2025,0,7,5,0,0.16964285714285715,125,0.0,0.056,0.04,0.0,True,98.87,406.0
2024,19599,chas mccormick,Chas McCormick,HOU,0.064,0.27,0.35600000000000004,0.774,0.526,0.601,0.764,0.6990000000000001,0.158,86.2,110.2,0.32799999999999996,0.075,0.374,15.2,0.43799999999999994,0.373,0.18899999999999997,0.36200000000000004,0.425,0.213,30.5,267.0,29.0,2025,1,13,5,2,0.21,116,0.008620689655172414,0.11206896551724138,0.04310344827586207,0.017241379310344827,True,73.08,708.0
2024,20126,dylan carlson,Dylan Carlson,- - -,0.083,0.28300000000000003,0.28,0.7390000000000001,0.48,0.583,0.7759999999999999,0.7120000000000001,0.138,86.8,107.2,0.258,0.025,0.374,15.8,0.41,0.385,0.205,0.41100000000000003,0.331,0.258,30.5,265.0,25.0,2025,6,17,20,3,0.20276497695852536,241,0.024896265560165973,0.07053941908713693,0.08298755186721991,0.012448132780082987,True,78.6,673.0
2024,19352,sean murphy,Sean Murphy,ATL,0.102,0.254,0.306,0.6459999999999999,0.456,0.5710000000000001,0.818,0.726,0.125,88.0,112.6,0.365,0.096,0.374,10.5,0.539,0.335,0.126,0.521,0.311,0.168,30.5,264.0,29.0,2025,16,34,45,0,0.19931271477663232,337,0.04747774480712166,0.10089020771513353,0.13353115727002968,0.0,True,84.43,595.0
2024,5517,kyle higashioka,Kyle Higashioka,SDP,0.057,0.281,0.315,0.648,0.45899999999999996,0.6,0.855,0.7559999999999999,0.11199999999999999,88.4,107.2,0.374,0.109,0.374,20.7,0.281,0.526,0.193,0.517,0.305,0.17800000000000002,30.5,263.0,34.0,2025,11,33,47,3,0.24092409240924093,327,0.03363914373088685,0.10091743119266056,0.1437308868501529,0.009174311926605505,True,74.64,697.0
2024,29630,joey loperfido,Joey Loperfido,- - -,0.05,0.363,0.37200000000000005,0.7240000000000001,0.521,0.498,0.8009999999999999,0.6759999999999999,0.171,88.3,110.1,0.34700000000000003,0.04,0.374,12.9,0.405,0.331,0.264,0.46,0.313,0.22699999999999998,30.5,262.0,25.0,2025,4,12,14,1,0.3333333333333333,104,0.038461538461538464,0.11538461538461539,0.1346153846153846,0.009615384615384616,True,66.23,673.0
2024,26466,matt wallner,Matt Wallner,MIN,0.092,0.364,0.289,0.755,0.478,0.48,0.7240000000000001,0.636,0.174,92.8,116.8,0.532,0.175,0.374,21.6,0.302,0.47600000000000003,0.222,0.47600000000000003,0.35700000000000004,0.16699999999999998,30.5,261.0,26.0,2025,22,47,40,4,0.20238095238095238,392,0.05612244897959184,0.11989795918367346,0.10204081632653061,0.01020408163265306,True,73.81,742.0
2024,20599,ivan herrera,Ivan Herrera,STL,0.09699999999999999,0.205,0.294,0.617,0.435,0.637,0.875,0.785,0.094,89.3,112.4,0.419,0.08900000000000001,0.374,9.1,0.433,0.298,0.27,0.36,0.365,0.275,30.5,259.0,24.0,2025,19,54,66,8,0.28350515463917525,452,0.0420353982300885,0.11946902654867257,0.14601769911504425,0.017699115044247787,True,86.12,653.0
2024,27462,austin martin,Austin Martin,MIN,0.078,0.183,0.242,0.708,0.451,0.5920000000000001,0.902,0.81,0.086,87.2,108.8,0.335,0.011000000000000001,0.374,12.7,0.424,0.31,0.266,0.479,0.35100000000000003,0.17,30.5,257.0,25.0,2025,1,22,7,11,0.28205128205128205,181,0.0055248618784530384,0.12154696132596685,0.03867403314917127,0.06077348066298342,True,82.5,742.0
2024,19363,austin hays,Austin Hays,- - -,0.035,0.231,0.38799999999999996,0.743,0.544,0.536,0.852,0.726,0.149,88.9,109.9,0.402,0.067,0.374,14.9,0.41,0.38799999999999996,0.20199999999999999,0.508,0.29100000000000004,0.201,30.5,255.0,28.0,2025,15,60,64,7,0.2657894736842105,416,0.036057692307692304,0.14423076923076922,0.15384615384615385,0.016826923076923076,True,64.46,673.0
2024,22458,taylor walls,Taylor Walls,TBR,0.12300000000000001,0.266,0.244,0.715,0.447,0.606,0.846,0.772,0.102,86.1,104.4,0.24,0.032,0.374,18.2,0.36200000000000004,0.45399999999999996,0.184,0.41600000000000004,0.364,0.221,30.5,252.0,27.0,2025,4,36,38,14,0.2198581560283688,317,0.012618296529968454,0.11356466876971609,0.11987381703470032,0.04416403785488959,True,89.36,454.0
